node_id,OR0,SE_OR0,CONF_INT_OR0_START,CONF_INT_OR0_END,OR1,SE_OR1,CONF_INT_OR1_START,CONF_INT_OR1_END,OR2,SE_OR2,CONF_INT_OR2_START,CONF_INT_OR2_END,OR_allele_counting,SE_OR_allele_counting,CONF_INT_OR_allele_counting_START,CONF_INT_OR_allele_counting_END,logistic_beta,logistic_SE
node_0,1.742081447963801,0.3396571594346588,1.0763534154718697,2.4078094804557324,6.176470588235294,1.1919430738573578,3.8402621634748733,8.512679012995715,3.5454545454545454,1.1667499137798816,1.2586247144459777,5.832284376463113,1.332,0.03351351351351352,1.2663135135135135,1.3976864864864866,-0.10010847741975161,0.15837117880657958
node_1,0.14814814814814814,0.42349112073894696,-0.6818944485001879,0.9781907447964842,1.1749680715197957,0.37849560907956287,0.43311667772385243,1.9168194653157389,7.931034482758621,0.3853953572153725,7.175659582616491,8.68640938290075,1.3378230797233346,0.04889836531627577,1.241982283703434,1.4336638757432352,-0.09548250628924285,0.10326524357235026
node_2,1.0733333333333333,0.32193771500019147,0.442335411932958,1.7043312547337086,1.788888888888889,0.39780279906345445,1.0091954027245182,2.5685823750532597,1.666666666666667,0.3895459302136678,0.9031566434478782,2.4301766898854558,1.338310893512852,0.03513713862120089,1.2694421018152984,1.4071796852104057,-0.074791153157777,0.12909625292630664
