node_id,OR0,SE_OR0,CONF_INT_OR0_START,CONF_INT_OR0_END,OR1,SE_OR1,CONF_INT_OR1_START,CONF_INT_OR1_END,OR2,SE_OR2,CONF_INT_OR2_START,CONF_INT_OR2_END,OR_allele_counting,SE_OR_allele_counting,CONF_INT_OR_allele_counting_START,CONF_INT_OR_allele_counting_END,logistic_beta,logistic_SE
node_0,0.9539473684210527,0.33209654096766206,0.3030381481244351,1.6048565887176702,1.875,1.1893625743789542,-0.45615064578275,4.20615064578275,1.9655172413793103,1.167206685148787,-0.32220786151231207,4.253242344270933,1.012571556852621,0.03386358981361371,0.9461989208179381,1.0789441928873038,0.4335243353471122,0.1628798346874502
node_1,1.0703703703703704,0.38574828958712176,0.3143037227796118,1.826437017961129,0.6833333333333333,0.382045640406247,-0.06547612186291074,1.4321427885295774,0.6384083044982699,0.3323355063525613,-0.012969287952750208,1.2897858969492901,0.7693693693693693,0.050804903263919655,0.6697917589720868,0.8689469797666518,0.20339198417578994,0.10466718311837701
node_2,1.2045454545454546,0.32263787325045185,0.572175222974569,1.83691568611634,1.2987012987012987,0.4067011730445883,0.5015669995339056,2.0958355978686916,1.078167115902965,0.40192847119465586,0.29038731236143966,1.8659469194444904,1.1687943262411347,0.0350177304964539,1.100159574468085,1.2374290780141843,0.36854240509180086,0.13521846804498722
