node_id,OR0,SE_OR0,CONF_INT_OR0_START,CONF_INT_OR0_END,OR1,SE_OR1,CONF_INT_OR1_START,CONF_INT_OR1_END,OR2,SE_OR2,CONF_INT_OR2_START,CONF_INT_OR2_END,OR_allele_counting,SE_OR_allele_counting,CONF_INT_OR_allele_counting_START,CONF_INT_OR_allele_counting_END,logistic_beta,logistic_SE
node_0,0.533852140077821,0.1350335729476345,0.2691863371004574,0.7985179430551845,0.688715953307393,0.11586457467085887,0.46162138695250965,0.9158105196622763,1.2900874635568513,0.17237848869410716,0.9522256257164012,1.6279493013973014,0.6547477215259868,0.0009431638306598982,0.6528991204178934,0.6565963226340802,0.0681561761712455,0.05126976426871597
node_1,0.29161582883916887,0.09254423804364108,0.11022912227363235,0.4730025354047054,0.8791779983932902,0.08516848187448312,0.7122477739193034,1.0461082228672771,3.0148500576701274,0.06863134403762404,2.8803326233563844,3.1493674919838703,1.2210498411636124,0.002638760060535765,1.2158778714449623,1.2262218108822625,0.3156181277323091,0.018806354202560212
node_2,2.661562105760931,0.06505382158870517,2.534056615447069,2.7890675960747933,1.2272825124134938,0.08973873328840361,1.0513945951682229,1.4031704296587648,0.4611136105962172,0.08896937420498348,0.28673363715444955,0.6354935840379848,1.3647069658605806,0.0013518749257030145,1.3620572910062028,1.3673566407149584,0.5215180809279025,0.02999852804293092
