node_id,OR0,SE_OR0,CONF_INT_OR0_START,CONF_INT_OR0_END,OR1,SE_OR1,CONF_INT_OR1_START,CONF_INT_OR1_END,OR2,SE_OR2,CONF_INT_OR2_START,CONF_INT_OR2_END,OR_allele_counting,SE_OR_allele_counting,CONF_INT_OR_allele_counting_START,CONF_INT_OR_allele_counting_END,logistic_beta,logistic_SE
node_0,0.9683699466423114,0.13818282695465123,0.6975316058111949,1.2392082874734278,1.0913375589143508,0.11678844862123099,0.8624321996167381,1.3202429182119635,1.126984126984127,0.1756467401651695,0.7827165162603947,1.4712517377078593,1.0586202483041085,0.0009173442642144607,1.0568222535462481,1.0604182430619689,-0.2121980245847947,0.052186074114151874
node_1,1.258287165281625,0.08798134458608928,1.08584372989289,1.43073060067036,0.9722640909696803,0.07937017622448253,0.8166985455696945,1.127829636369666,0.7726885545654213,0.06730070571475205,0.6407791713645072,0.9045979377663353,0.9260852564511157,0.002638760060535765,0.9209132867324656,0.9312572261697658,-0.24683392430831894,0.01848533022956993
node_2,0.8689808205039993,0.06299352916493314,0.7455135033407303,0.9924481376672682,1.0271143333718684,0.09059715525053597,0.8495439090808179,1.204684757662919,1.1819758378282197,0.08756875341208695,1.0103410811405293,1.35361059451591,0.9764985377185621,0.0013583716704852668,0.973836129244411,0.9791609461927132,-0.3218698273759417,0.028546392417990212
