node_id,OR0,SE_OR0,CONF_INT_OR0_START,CONF_INT_OR0_END,OR1,SE_OR1,CONF_INT_OR1_START,CONF_INT_OR1_END,OR2,SE_OR2,CONF_INT_OR2_START,CONF_INT_OR2_END,OR_allele_counting,SE_OR_allele_counting,CONF_INT_OR_allele_counting_START,CONF_INT_OR_allele_counting_END,logistic_beta,logistic_SE
node_0,1.0295525494276796,0.13569462528002932,0.7635910838788221,1.2955140149765372,1.1311851878431232,0.11545819664450292,0.9048871224198974,1.357483253266349,1.0987153482082488,0.1729451426446647,0.759742868624706,1.4376878277917915,1.1027257092082021,0.0008933904972638937,1.100974663833565,1.1044767545828393,-0.09976864376390504,0.05139013731474095
node_1,0.6644684252597922,0.08724448374025237,0.49346923712889756,0.8354676133906869,0.8363353587962964,0.07733389699579944,0.6847609206845295,0.9879097969080632,1.258653273809524,0.06765010735948428,1.1260590633849348,1.3912474842341132,0.9522581972244064,0.0025853601814947585,0.9471908912686767,0.9573255031801361,-0.15421138408218554,0.0181779345193584
node_2,1.2190065526100897,0.06241896273086915,1.096665385657586,1.3413477195625934,1.2169026169026167,0.09010312140056631,1.0403004989575066,1.3935047348477267,0.9982740570975865,0.08648014872520828,0.8287729655961783,1.1677751485989947,1.1238750053200912,0.0013337709011195988,1.121260814353897,1.1264891962862855,-0.14069794694256677,0.027807703845233046
