node_id,OR0,SE_OR0,CONF_INT_OR0_START,CONF_INT_OR0_END,OR1,SE_OR1,CONF_INT_OR1_START,CONF_INT_OR1_END,OR2,SE_OR2,CONF_INT_OR2_START,CONF_INT_OR2_END,OR_allele_counting,SE_OR_allele_counting,CONF_INT_OR_allele_counting_START,CONF_INT_OR_allele_counting_END,logistic_beta,logistic_SE
node_0,1.6943364057754808,0.1409387069227216,1.4180965402069465,1.9705762713440151,3.821897810218978,0.5221267144843902,2.798529449829573,4.845266170608383,2.255690072639225,0.5146789989443074,1.2469192347083824,3.264460910570067,1.3333845869979704,0.006347634268221313,1.3209432238322565,1.3458259501636842,0.4291653918320585,0.0740281120652775
node_1,0.8021808155080214,0.1695968951372364,0.4697709010390381,1.1345907299770048,0.8867824238128986,0.170033829270761,0.553516118442207,1.2200487291835902,1.105464512076743,0.1448816952057985,0.821496389473378,1.389432634680108,0.9498459431701471,0.009727378928253351,0.9307802804707705,0.9689116058695237,0.14903955096396276,0.04594286462528691
node_2,0.5655192979466644,0.1490164128404898,0.27344712877930444,0.8575914671140245,0.4029779386653917,0.17570222106183653,0.058601585384192134,0.7473542919465913,0.7125803489439853,0.1669237743091724,0.38540975129800736,1.039750946589963,0.5911867082465289,0.00747203726178371,0.5765415152134328,0.6058319012796249,-0.016885331182199776,0.05541211985859223
