node_id,OR0,SE_OR0,CONF_INT_OR0_START,CONF_INT_OR0_END,OR1,SE_OR1,CONF_INT_OR1_START,CONF_INT_OR1_END,OR2,SE_OR2,CONF_INT_OR2_START,CONF_INT_OR2_END,OR_allele_counting,SE_OR_allele_counting,CONF_INT_OR_allele_counting_START,CONF_INT_OR_allele_counting_END,logistic_beta,logistic_SE
node_0,1.1204481792717087,0.14189653799303426,0.8423309648053616,1.3985653937380558,1.0006464124111183,0.44972380731633266,0.11918775007110627,1.8821050747511303,0.893076923076923,0.4403992514703979,0.02989439019494311,1.7562594559589029,1.046193866621061,0.00645345023113421,1.033545104168038,1.0588426290740842,-0.24682091095677974,0.07257189976978067
node_1,0.22284460505937018,0.18053599584844432,-0.13100594680358066,0.576695156922321,0.8810517166449371,0.16862974990244978,0.5505374068361355,1.2115660264537387,3.953659620389767,0.15819629029628335,3.6435948914090517,4.263724349370483,1.096225851248967,0.00979569967619447,1.0770262798836259,1.1154254226143083,-0.1511508594877942,0.045955119716375975
node_2,0.9384521146266113,0.14631139329940757,0.6516817837597724,1.2252224454934502,1.4550828150975927,0.17191169024833966,1.118135902210847,1.7920297279843385,1.5505136515958908,0.16750869014927766,1.2221966189033067,1.878830684288475,1.2058293296728437,0.007268434319262308,1.1915831984070897,1.2200754609385978,-0.12171222223017814,0.055717334875616
