node_id,OR0,SE_OR0,CONF_INT_OR0_START,CONF_INT_OR0_END,OR1,SE_OR1,CONF_INT_OR1_START,CONF_INT_OR1_END,OR2,SE_OR2,CONF_INT_OR2_START,CONF_INT_OR2_END,OR_allele_counting,SE_OR_allele_counting,CONF_INT_OR_allele_counting_START,CONF_INT_OR_allele_counting_END,logistic_beta,logistic_SE
node_0,0.9671519499080456,0.044003096208000636,0.8809058813403644,1.0533980184757268,1.0076167219024361,0.16311841471289798,0.687904629065156,1.3273288147397162,1.0418391050116147,0.1608667330646462,0.7265403082049082,1.3571379018183212,0.9861095039275629,0.0006333040427144055,0.9848682280038427,0.9873507798512832,-0.28874322685016146,0.023510351543028225
node_1,0.22375488576742278,0.0570314072857328,0.1119733274873865,0.3355364440474591,0.8888014191142983,0.05335832206643805,0.7842191078640798,0.9933837303645169,3.972210108690739,0.05002172973918543,3.8741675184019355,4.070252698979543,1.1010244086670815,0.000978417232775526,1.0991067108908414,1.1029421064433216,-0.1516609781514537,0.014552281983590886
node_2,1.257253677211364,0.04589683308022809,1.167295884374117,1.347211470048611,1.4622737127336238,0.055367325331496235,1.3537537550838912,1.5707936703833565,1.1630697441879845,0.05366728235041382,1.0578818707811735,1.2682576175947955,1.2457868407323422,0.0007156722284129093,1.2443841231646529,1.2471895583000316,-0.1108573867687582,0.01791562384731769
