node_id,OR0,SE_OR0,CONF_INT_OR0_START,CONF_INT_OR0_END,OR1,SE_OR1,CONF_INT_OR1_START,CONF_INT_OR1_END,OR2,SE_OR2,CONF_INT_OR2_START,CONF_INT_OR2_END,OR_allele_counting,SE_OR_allele_counting,CONF_INT_OR_allele_counting_START,CONF_INT_OR_allele_counting_END,logistic_beta,logistic_SE
node_0,1.1224579734543503,0.0448594566778109,1.0345334383658409,1.2103825085428597,1.4636914347059273,0.17524761428874727,1.1202061106999825,1.807176758711872,1.3040055568418614,0.17313033797485047,0.9646700944111544,1.6433410192725684,1.069003929399858,0.000660972749931122,1.0677084228099931,1.070299435989723,0.5500439883375199,0.024293965803272394
node_1,1.4242017596930854,0.05468739452325221,1.317014466427511,1.5313890529586598,1.0762048453947939,0.053984314793556344,0.9703955883994234,1.1820141023901642,0.7556547645515587,0.04754724517418063,0.6624621640101647,0.8488473650929527,1.0061316245648375,0.0010165498464680411,1.00413918686576,1.008124062263915,0.3215228339584123,0.01504373112708133
node_2,0.7851234562386274,0.047142998390243496,0.6927231793937502,0.8775237330835047,0.7197186078493599,0.056639309600437955,0.6087055610325015,0.8307316546662183,0.9166948231267866,0.05460258275141228,0.8096737609340185,1.0237158853195547,0.8226148046071982,0.0007565285235190427,0.8211320087011008,0.8240976005132955,0.2802834760399316,0.01835568044129152
