node_id,OR0,SE_OR0,CONF_INT_OR0_START,CONF_INT_OR0_END,OR1,SE_OR1,CONF_INT_OR1_START,CONF_INT_OR1_END,OR2,SE_OR2,CONF_INT_OR2_START,CONF_INT_OR2_END,OR_allele_counting,SE_OR_allele_counting,CONF_INT_OR_allele_counting_START,CONF_INT_OR_allele_counting_END,logistic_beta,logistic_SE
node_0,0.3214285714285714,1.2432356657669215,-2.115313333474595,2.7581704763317374,0.42857142857142855,0.9375330681998657,-1.4089933851003082,2.2661362422431655,1.3333333333333333,1.5275252316519465,-1.6606161207044818,4.327282787371148,0.4092920353982301,0.044726142071274816,0.32162879693853147,0.49695527385792876,-0.2664025940398704,0.43040579846503063
node_1,0.9479166666666667,0.6700349889721331,-0.36535191171871406,2.2611852450520473,2.592592592592593,0.6245633395255962,1.3684484471224245,3.8167367380627617,2.735042735042735,0.46901879757492926,1.8157658917958739,3.6543195782895963,2.146153846153846,0.14666666666666667,1.8586871794871795,2.4336205128205126,0.32417548245431066,0.1297820229998245
node_2,2.850202429149798,0.45415768332704753,1.9600533698287848,3.740351488470811,1.543859649122807,0.6243018429162135,0.3202280370070285,2.767491261238585,0.5416666666666666,0.632328825524935,-0.6976978313622059,1.781031164695539,1.5634285714285714,0.06365914786967418,1.43865664160401,1.6882005012531327,0.47789190156971784,0.21385999331505554
