node_id,OR0,SE_OR0,CONF_INT_OR0_START,CONF_INT_OR0_END,OR1,SE_OR1,CONF_INT_OR1_START,CONF_INT_OR1_END,OR2,SE_OR2,CONF_INT_OR2_START,CONF_INT_OR2_END,OR_allele_counting,SE_OR_allele_counting,CONF_INT_OR_allele_counting_START,CONF_INT_OR_allele_counting_END,logistic_beta,logistic_SE
node_0,3.1111111111111107,1.2432356657669215,0.6743692062079445,5.547853016014277,0.38888888888888884,1.138259601600145,-1.8420999302473953,2.619877708025173,0.125,1.6583123951777,-3.125292294548292,3.375292294548292,0.6786786786786786,0.044726142071274816,0.59101544021898,0.7663419171383772,-0.4622029896807928,0.4574498779088651
node_1,2.037037037037037,0.7614446662745625,0.5446054911388947,3.5294685829351797,2.5252525252525255,0.7096734204099543,1.1342926212490152,3.916212429256036,1.2396694214876032,0.46558315773627035,0.3271264323245133,2.152212410650693,1.623249299719888,0.17027863777089783,1.289503169688928,1.9569954297508478,-0.17794585318073194,0.12559559709570264
node_2,2.1145833333333335,0.4550843946343769,1.222617919849955,3.006548746816712,1.8125,0.6399083986170908,0.558279538710502,3.0667204612894983,0.8571428571428571,0.6172133998483676,-0.35259540655994337,2.0668811208456574,1.5033333333333332,0.06883468834688347,1.3684173441734415,1.6382493224932249,-0.13920858589575325,0.2002892960649036
