node_id,OR0,SE_OR0,CONF_INT_OR0_START,CONF_INT_OR0_END,OR1,SE_OR1,CONF_INT_OR1_START,CONF_INT_OR1_END,OR2,SE_OR2,CONF_INT_OR2_START,CONF_INT_OR2_END,OR_allele_counting,SE_OR_allele_counting,CONF_INT_OR_allele_counting_START,CONF_INT_OR_allele_counting_END,logistic_beta,logistic_SE
node_0,0.5186787313977802,0.0956072756994007,0.3312884710269548,0.7060689917686056,0.6863033032062703,0.08021445388503988,0.5290829735915922,0.8435236328209484,1.3231761043233081,0.12079064413606497,1.0864264418166207,1.5599257668299955,0.6504293292057395,0.0004774183485254812,0.6494935892426296,0.6513650691688494,0.08237455664519724,0.035534491029892146
node_1,0.30433766332149165,0.06488592853917845,0.1771612433847019,0.4315140832582814,0.8978620097644723,0.059913779708092176,0.7804310015366116,1.015293017992333,2.9502165455479705,0.04854789808715056,2.8550626652971554,3.0453704257987857,1.2184665528884417,0.0013072692547600245,1.215904305149112,1.2210288006277714,0.3330232899411751,0.013419402026056116
node_2,2.5148192685859803,0.046000770877269725,2.4246577576665316,2.604980779505429,1.1887263319367174,0.06380279405566712,1.0636728555876098,1.313779808285825,0.47268857320514657,0.06322434599851699,0.3487688550480533,0.5966082913622399,1.3327693800077909,0.000680556801084108,1.331435488677666,1.3341032713379157,0.5346102022710985,0.021330159962929272
