node_id,OR0,SE_OR0,CONF_INT_OR0_START,CONF_INT_OR0_END,OR1,SE_OR1,CONF_INT_OR1_START,CONF_INT_OR1_END,OR2,SE_OR2,CONF_INT_OR2_START,CONF_INT_OR2_END,OR_allele_counting,SE_OR_allele_counting,CONF_INT_OR_allele_counting_START,CONF_INT_OR_allele_counting_END,logistic_beta,logistic_SE
node_0,0.9259259259259259,0.6032320356951286,-0.2564088640365262,2.108260715888378,2.407407407407407,0.49072595795613444,1.4455845298133836,3.3692302850014304,2.5999999999999996,0.6660253325435479,1.2945903482146457,3.9054096517853534,1.9322493224932251,0.07051961823966066,1.7940308707434902,2.07046777424296,-0.08565621352910097,0.1855045496286589
node_1,1.462264150943396,0.8666752500472312,-0.23641933914917712,3.1609476410359694,1.25,1.0954451150103321,-0.8970724254202511,3.397072425420251,0.8548387096774194,0.7423786022269439,-0.6002233506873905,2.3099007700422294,1.0246153846153845,0.08888888888888888,0.8503931623931623,1.1988376068376068,-0.4834408626307596,0.19243267834047573
node_2,0.8814814814814815,0.6160019886710475,-0.32588241631377146,2.0888453792767345,1.1805555555555556,0.501183240464878,0.1982364042443946,2.1628747068667167,1.3392857142857142,0.539234466186843,0.28238616055950194,2.3961852680119264,1.1660759493670885,0.12081632653061225,0.9292759493670885,1.4028759493670884,-0.28521832042905493,0.1368723863117399
