node_id,OR0,SE_OR0,CONF_INT_OR0_START,CONF_INT_OR0_END,OR1,SE_OR1,CONF_INT_OR1_START,CONF_INT_OR1_END,OR2,SE_OR2,CONF_INT_OR2_START,CONF_INT_OR2_END,OR_allele_counting,SE_OR_allele_counting,CONF_INT_OR_allele_counting_START,CONF_INT_OR_allele_counting_END,logistic_beta,logistic_SE
node_0,1.09375,0.6079826125333332,-0.09789592056533314,2.285395920565333,1.2352941176470589,0.5197432570233966,0.2165973338812015,2.2539909014129162,1.1294117647058823,0.6834887436857304,-0.21022617291814938,2.4690497023299143,1.1844888366627495,0.07488738738738739,1.0377095573834703,1.3312681159420288,-0.4529170361246794,0.20187132372014832
node_1,0.4444444444444444,0.8042545597168826,-1.1318944926006456,2.0207833814895344,1.6666666666666667,1.016530045465127,-0.3257322224449819,3.6590655557783154,3.75,0.7165836053748812,2.345496133465233,5.1545038665347676,1.1481481481481481,0.10224308815858112,0.9477516953573292,1.3485446009389672,-0.7178754216056995,0.20369873565697208
node_2,0.6031746031746031,0.7078448116360442,-0.7842012276320435,1.9905504339812499,1.4369747899159664,0.5295810061415999,0.39899601787843064,2.474953561953502,2.3823529411764706,0.6249182953130701,1.1575130823628532,3.607192799990088,1.4470284237726097,0.1468253968253968,1.159250645994832,1.7348062015503873,-0.42169216838159357,0.14284132969547225
