node_id,OR0,SE_OR0,CONF_INT_OR0_START,CONF_INT_OR0_END,OR1,SE_OR1,CONF_INT_OR1_START,CONF_INT_OR1_END,OR2,SE_OR2,CONF_INT_OR2_START,CONF_INT_OR2_END,OR_allele_counting,SE_OR_allele_counting,CONF_INT_OR_allele_counting_START,CONF_INT_OR_allele_counting_END,logistic_beta,logistic_SE
node_0,1.777777777777778,0.7007648882267351,0.4042785968533771,3.1512769587021787,0.48484848484848486,0.498645351073472,-0.49249640325552024,1.4621933729524899,0.2727272727272727,0.7530601351150963,-1.203270592098316,1.7487251375528614,0.6,0.07755102040816327,0.44799999999999995,0.752,0.298212788699945,0.19223985792349743
node_1,0.3933333333333333,1.1061716951762233,-1.774763189212064,2.561429855878731,0.20833333333333334,1.27148207485071,-2.283771533374058,2.700438200040725,0.5296610169491526,0.7120036183492138,-0.8658660750153063,1.9251881089136114,0.795134443021767,0.10224308815858112,0.594737990230948,0.9955308958125859,0.6366827818465095,0.1993680768868378
node_2,0.17857142857142858,0.8667124530029993,-1.52018497931445,1.8773278364573072,0.12301587301587302,0.7883804784505025,-1.422209864747112,1.668241610778858,0.688888888888889,0.5379599628773373,-0.36551263835069203,1.74329041612847,0.2743764172335601,0.21356421356421357,-0.14420944135229846,0.6929622758194187,0.24809176971555283,0.1356531894420146
