node_id,OR0,SE_OR0,CONF_INT_OR0_START,CONF_INT_OR0_END,OR1,SE_OR1,CONF_INT_OR1_START,CONF_INT_OR1_END,OR2,SE_OR2,CONF_INT_OR2_START,CONF_INT_OR2_END,OR_allele_counting,SE_OR_allele_counting,CONF_INT_OR_allele_counting_START,CONF_INT_OR_allele_counting_END,logistic_beta,logistic_SE
node_0,1.5636363636363635,0.5894898117829626,0.40823633254175684,2.71903639473097,3.6484848484848484,0.5022550576727102,2.6640649354463366,4.632904761523361,2.3333333333333335,0.6480072684109491,1.0632390872478732,3.6034275794187938,2.776094276094276,0.07617411225658648,2.6267930160713666,2.9253955361171853,0.01709550085935004,0.18492414026561008
node_1,0.3177966101694915,0.8001765341946152,-1.2505493968519543,1.8861426171909375,1.5,1.0408329997330663,-0.54003267947681,3.54003267947681,4.720000000000001,0.7462902602489013,3.257271089912154,6.182728910087848,1.1212121212121213,0.09137529137529138,0.9421165501165503,1.3003076923076924,-0.48344086263075964,0.19243267834047573
node_2,1.879120879120879,0.6192922652824749,0.6653080391672281,3.09293371907453,1.562770562770563,0.5276583469015818,0.5285602028434628,2.5969809226976635,0.8316498316498318,0.5205466331507551,-0.18862156932564833,1.8519212326253118,1.3192074848651623,0.12617220801364024,1.0719099571584274,1.5665050125718971,-0.28521832042905493,0.1368723863117399
