node_id,OR0,SE_OR0,CONF_INT_OR0_START,CONF_INT_OR0_END,OR1,SE_OR1,CONF_INT_OR1_START,CONF_INT_OR1_END,OR2,SE_OR2,CONF_INT_OR2_START,CONF_INT_OR2_END,OR_allele_counting,SE_OR_allele_counting,CONF_INT_OR_allele_counting_START,CONF_INT_OR_allele_counting_END,logistic_beta,logistic_SE
node_0,1.6342025825926545,0.1524466485375201,1.335407151459115,1.932998013726194,2.432196162046908,0.1667290333090741,2.105407256761123,2.758985067332693,1.4883076235188912,0.15869535694385734,1.1772647239089309,1.7993505231288516,1.7110401440298348,0.007834474746239453,1.6956845735272055,1.7263957145324642,0.25992664483694267,0.0520406454040902
node_1,0.43872965522450064,0.1481344873640521,0.1483860599909585,0.7290732504580428,0.4546850998463902,0.16762953547682846,0.12613121031180646,0.7832389893809739,1.0363673720978015,0.17089168110609412,0.7014196771298571,1.371315067065746,0.575587495092139,0.0069265828664324906,0.5620113926739313,0.5891635975103467,-0.1224132212071079,0.05661028186206312
node_2,1.3005795053003533,0.14718098443347505,1.0121047758107422,1.5890542347899643,2.355121951219512,0.22626799001608408,1.9116366907879874,2.7986072116510368,1.8108250526949716,0.20682102998117002,1.4054558339318783,2.2161942714580647,1.3369194787838288,0.007011657418161482,1.3231766302442323,1.3506623273234253,0.23472212251878252,0.06097286345648884
