node_id,OR0,SE_OR0,CONF_INT_OR0_START,CONF_INT_OR0_END,OR1,SE_OR1,CONF_INT_OR1_START,CONF_INT_OR1_END,OR2,SE_OR2,CONF_INT_OR2_START,CONF_INT_OR2_END,OR_allele_counting,SE_OR_allele_counting,CONF_INT_OR_allele_counting_START,CONF_INT_OR_allele_counting_END,logistic_beta,logistic_SE
node_0,1.46549572092027,0.0626057868284383,1.342788378736531,1.588203063104009,1.2735268249780123,0.22652061229487414,0.829546424880059,1.7175072250759655,0.8690075356742022,0.22322660901466337,0.431483382005462,1.3065316893429424,1.1883913751580146,0.0012698494609143691,1.1859024702146224,1.190880280101407,0.40355908080036945,0.033404816795622926
node_1,0.970887111177958,0.07642383831493438,0.8210963880806866,1.1206778342752295,0.9745827857266843,0.07660002435807532,0.8244467379848567,1.1247188334685119,1.0038064925429306,0.06474628757028161,0.8769037689051786,1.1307092161806827,0.9870580471483441,0.0019754573328804956,0.9831861507758983,0.9909299435207899,0.18366023579792046,0.02056680287878868
node_2,0.6092281853420246,0.06620025961593985,0.4794756764947825,0.7389806941892667,0.39886350253209285,0.08050976653045865,0.2410643601323939,0.5566626449317917,0.6547029702970297,0.0762883118492864,0.5051778790724284,0.8042280615216311,0.6023306769863438,0.001482588432220426,0.5994248036591917,0.6052365503134959,0.014701965194664489,0.025284065043460244
