node_id,OR0,SE_OR0,CONF_INT_OR0_START,CONF_INT_OR0_END,OR1,SE_OR1,CONF_INT_OR1_START,CONF_INT_OR1_END,OR2,SE_OR2,CONF_INT_OR2_START,CONF_INT_OR2_END,OR_allele_counting,SE_OR_allele_counting,CONF_INT_OR_allele_counting_START,CONF_INT_OR_allele_counting_END,logistic_beta,logistic_SE
node_0,1.0632432017350817,0.08160922789253795,0.9032891150657073,1.2231972884044562,1.1715914355348764,0.07089454679826677,1.0326381238102735,1.3105447472594793,1.101903528395934,0.09132372542285219,0.9229090265671437,1.2808980302247241,1.133068716078769,0.001432573933937129,1.1302608711682522,1.1358765609892856,-0.3746756669818738,0.02707065584847146
node_1,0.6826205200159365,0.10533941182906272,0.4761552728309736,0.8890857672008995,0.8131143878462914,0.13245194683068343,0.5535085720581518,1.072720203634431,1.1911660490770308,0.09363236891657353,1.0076466060005467,1.374685492153515,0.9710861172816874,0.0018714767315507097,0.967418022887848,0.9747542116755268,-0.6180382521658379,0.027593977165734248
node_2,1.3190013534416087,0.10120633131474609,1.1206369440647064,1.517365762818511,1.2026356697240126,0.0719310936081024,1.061650726252132,1.3436206131958932,0.9117774341823315,0.08970121643741655,0.7359630499649951,1.0875918183996678,1.1448606469976756,0.002868840289870767,1.139237720029529,1.1504835739658223,-0.3614813163255229,0.018823371634540852
