node_id,OR0,SE_OR0,CONF_INT_OR0_START,CONF_INT_OR0_END,OR1,SE_OR1,CONF_INT_OR1_START,CONF_INT_OR1_END,OR2,SE_OR2,CONF_INT_OR2_START,CONF_INT_OR2_END,OR_allele_counting,SE_OR_allele_counting,CONF_INT_OR_allele_counting_START,CONF_INT_OR_allele_counting_END,logistic_beta,logistic_SE
node_0,0.9666400179528177,0.08120178111400689,0.8074845269693642,1.1257955089362712,1.780973025347354,0.06833853793670405,1.647029490991414,1.9149165597032938,1.8424366799122982,0.08962903312069558,1.666763774995735,2.0181095848288617,1.538341330046543,0.001389757980410498,1.5356174044049384,1.5410652556881475,-0.1472965624987047,0.02572199774772003
node_1,0.5032312925170068,0.10327646406871198,0.3008094229423314,0.7056531620916823,1.0668379582048648,0.12845007106757442,0.815075818912419,1.3186000974973107,2.119975395148565,0.08984576380420355,1.9438776980923262,2.296073092204804,1.0525273772779162,0.0017829170555178206,1.0490328598491012,1.0560218947067312,-0.41613607842326455,0.02629887317136824
node_2,1.035234798914778,0.09834525173261743,0.8424781055188479,1.2279914923107083,1.0092750793263365,0.06857073622454826,0.8748764363262219,1.143673722326451,0.9749238340754629,0.08835144099422958,0.8017550097267729,1.1480926584241529,1.0047173120089785,0.0026122741098586508,0.9995972547536556,1.0098373692643015,-0.27826150375475095,0.018364881320433287
