node_id,OR0,SE_OR0,CONF_INT_OR0_START,CONF_INT_OR0_END,OR1,SE_OR1,CONF_INT_OR1_START,CONF_INT_OR1_END,OR2,SE_OR2,CONF_INT_OR2_START,CONF_INT_OR2_END,OR_allele_counting,SE_OR_allele_counting,CONF_INT_OR_allele_counting_START,CONF_INT_OR_allele_counting_END,logistic_beta,logistic_SE
node_0,0.9383477213655181,0.08819940956311763,0.7654768786218076,1.1112185641092287,3.1015983398459053,0.07020253475449484,2.9640013717270954,3.239195307964715,3.3053827160493823,0.09462346866716581,3.119920717461737,3.4908447146370274,2.3598061676077915,0.0016193124874724395,2.3566323151323454,2.3629800200832376,-0.11565982880839144,0.025627707801473488
node_1,0.3183856502242153,0.10423746418459133,0.11408022042241628,0.5226910800260143,1.2571947550661293,0.12944345305629407,1.0034855870757928,1.5109039230564658,3.948653949010519,0.09191498779114893,3.768500572939867,4.128807325081171,1.1258341000210526,0.001923866833298508,1.1220633210277875,1.1296048790143176,-0.5573523696943813,0.0271576216560611
node_2,1.0233362143474503,0.10108937373980723,0.825201041817428,1.2214713868774725,0.9775641025641025,0.07057079694392288,0.8392453405540137,1.1158828645741914,0.9552716779279279,0.09090966356595367,0.7770887373386587,1.133454618517197,0.97744623063936,0.0027588813303099017,0.9720388232319526,0.9828536380467674,-0.3886586887777384,0.01899971099365871
