node_id,OR0,SE_OR0,CONF_INT_OR0_START,CONF_INT_OR0_END,OR1,SE_OR1,CONF_INT_OR1_START,CONF_INT_OR1_END,OR2,SE_OR2,CONF_INT_OR2_START,CONF_INT_OR2_END,OR_allele_counting,SE_OR_allele_counting,CONF_INT_OR_allele_counting_START,CONF_INT_OR_allele_counting_END,logistic_beta,logistic_SE
node_0,1.1147186147186148,0.2729616247491916,0.5797138302101992,1.6497233992270304,3.5201640464798363,0.2207228463515002,3.087547267630896,3.9527808253287766,3.1578947368421053,0.2958781162051746,2.5779736290799633,3.7378158446042473,2.6520259423360946,0.015410472493135121,2.6218214162495497,2.6822304684226395,0.0032626531134973065,0.08077962440324066
node_1,0.42413458427693307,0.318219193339877,-0.19957503466922588,1.0478442032230921,2.2559808612440193,0.407375292787766,1.457525287379998,3.0544364351080406,5.319021237303786,0.2989188377061219,4.733140315399787,5.904902159207785,1.2716162057061227,0.018774435799171603,1.2348183115397464,1.308414099872499,-0.39809589441598964,0.08266125985412426
node_2,1.044976076555024,0.31169421764155336,0.4340554099775794,1.6558967431324687,0.8358013120899719,0.21102025964049037,0.42220160319461075,1.249401020985333,0.7998281786941581,0.2886887198147196,0.2339982878573077,1.3656580695310085,0.847873309508794,0.024016282225237447,0.8008013963473286,0.8949452226702594,-0.347841068917324,0.060370756915402196
