node_id,OR0,SE_OR0,CONF_INT_OR0_START,CONF_INT_OR0_END,OR1,SE_OR1,CONF_INT_OR1_START,CONF_INT_OR1_END,OR2,SE_OR2,CONF_INT_OR2_START,CONF_INT_OR2_END,OR_allele_counting,SE_OR_allele_counting,CONF_INT_OR_allele_counting_START,CONF_INT_OR_allele_counting_END,logistic_beta,logistic_SE
node_0,1.110515873015873,0.26197778482001616,0.5970394147686414,1.6239923312631048,2.2784722222222222,0.2159243863353821,1.8552604250048734,2.701684019439571,2.0517241379310343,0.2875252751164212,1.4881745987028487,2.6152736771592195,1.8964530892448512,0.014094264868258675,1.8688283301030642,1.9240778483866383,-0.06206149835032635,0.08091863992592668
node_1,0.5670995670995671,0.31734394725573795,-0.05489456952167926,1.1890937037208134,1.5999999999999999,0.3973123995763823,0.8212676968302906,2.378732303169709,2.8213740458015266,0.28283015246887466,2.2670269469625324,3.375721144640521,1.154449394352196,0.017970950051874907,1.1192263322505211,1.189672456453871,-0.3641534164741599,0.08213160636236096
node_2,0.7663934426229508,0.31402658161348257,0.15090134266052502,1.3818855425853767,0.7708405999302407,0.20758776952619,0.3639685716589083,1.177712628201573,1.0058027079303675,0.29221409789074226,0.43306307606451266,1.5785423397962224,0.8062900641025641,0.023412698412698413,0.7604011752136752,0.852178952991453,-0.31180123296009954,0.05970979087990526
