node_id,OR0,SE_OR0,CONF_INT_OR0_START,CONF_INT_OR0_END,OR1,SE_OR1,CONF_INT_OR1_START,CONF_INT_OR1_END,OR2,SE_OR2,CONF_INT_OR2_START,CONF_INT_OR2_END,OR_allele_counting,SE_OR_allele_counting,CONF_INT_OR_allele_counting_START,CONF_INT_OR_allele_counting_END,logistic_beta,logistic_SE
node_0,0.9707838066128514,0.05697297097320994,0.8591167835053599,1.0824508297203428,1.636057356626807,0.04807045190885179,1.5418392708854576,1.7302754423681566,1.68529526912398,0.06281744751505268,1.5621730719944766,1.8084174662534833,1.4447040811588974,0.0006912601859142248,1.4433492111945054,1.4460589511232893,-0.15983888447042824,0.018078367353448317
node_1,0.4773490291951933,0.07244459608655987,0.33535762086553594,0.6193404375248506,1.0148698275296741,0.09036102931378828,0.8377622100746491,1.1919774449846992,2.1260540306130644,0.06351440238973535,2.0015658019291833,2.2505422592969455,1.0408559217553535,0.0008842801675948372,1.0391227326268675,1.0425891108838394,-0.4046855902913202,0.01856426790688054
node_2,0.9145622269413372,0.06893209209061708,0.7794553264437276,1.0496691274389467,0.9257322207966833,0.047944946055008535,0.8317601265288666,1.0197043150645,1.0122134869845905,0.062338614800898674,0.8900298019748291,1.134397171994352,0.9413803046181176,0.0012657375997239908,0.9388994589226586,0.9438611503135766,-0.2802273826350912,0.01305279311882441
