node_id,OR0,SE_OR0,CONF_INT_OR0_START,CONF_INT_OR0_END,OR1,SE_OR1,CONF_INT_OR1_START,CONF_INT_OR1_END,OR2,SE_OR2,CONF_INT_OR2_START,CONF_INT_OR2_END,OR_allele_counting,SE_OR_allele_counting,CONF_INT_OR_allele_counting_START,CONF_INT_OR_allele_counting_END,logistic_beta,logistic_SE
node_0,0.8925000000000001,0.4543595239794279,0.0019553330003213576,1.783044666999679,1.8375000000000001,0.5422615780669132,0.7746673069888503,2.90033269301115,2.058823529411765,0.552496245091617,0.9759308890321956,3.1417161697913345,1.3596491228070176,0.06734578381437464,1.2276513865308432,1.491646859083192,0.14478095482947842,0.180342987203272
node_1,0.5625,0.46696419087073,-0.35274981410663075,1.4777498141066308,0.24,0.5676462121975466,-0.8725865759071914,1.3525865759071913,0.4266666666666667,0.6020797289396147,-0.7534096020549781,1.6067429353883116,0.4069565217391305,0.06512820512820514,0.27930523968784843,0.5346078037904125,-0.3404973770697836,0.1951002858978909
node_2,0.9634408602150537,0.44400339739362515,0.09319420132354839,1.833687519106559,4.266666666666667,0.8684276980075352,2.5645483785718977,5.968784954761436,4.428571428571429,0.832449608222873,2.796970196454598,6.060172660688259,1.3655172413793104,0.0662287903667214,1.2357088122605364,1.4953256704980844,0.18293481800605446,0.2028603827294237
