node_id,OR0,SE_OR0,CONF_INT_OR0_START,CONF_INT_OR0_END,OR1,SE_OR1,CONF_INT_OR1_START,CONF_INT_OR1_END,OR2,SE_OR2,CONF_INT_OR2_START,CONF_INT_OR2_END,OR_allele_counting,SE_OR_allele_counting,CONF_INT_OR_allele_counting_START,CONF_INT_OR_allele_counting_END,logistic_beta,logistic_SE
node_0,0.6155859506923337,0.30987889935666,0.008223307953280079,1.2229485934313873,0.8915382734164833,0.2472842753459153,0.40686109373848933,1.3762154530944772,1.4482758620689655,0.3838218304683634,0.6959850743509733,2.200566649786958,0.8283935818055845,0.004791054575841783,0.8190031148369347,0.8377840487742344,0.21212944358215155,0.11002905916632776
node_1,0.30292415473652146,0.20596179097071135,-0.10076095556607279,0.7066092650391157,0.8602843769319085,0.18869417191543864,0.4904437999776488,1.2301249538861683,2.839933242300106,0.15454672576886885,2.537021659793123,3.142844824807089,1.1748239389476502,0.01322693370886142,1.1488991488782818,1.2007487290170187,0.33162874129243886,0.042303003706412955
node_2,2.9236641221374047,0.14571741430835158,2.6380579900930354,3.209270254181774,1.2592592592592593,0.21026985485435304,0.8471303437447273,1.6713881747737913,0.4307126970312349,0.2084920974885151,0.022068185953745267,0.8393572081087245,1.4389776679941524,0.006717780211756116,1.4258108187791103,1.4521445172091945,0.5981059414071606,0.06990290539687047
