node_id,OR0,SE_OR0,CONF_INT_OR0_START,CONF_INT_OR0_END,OR1,SE_OR1,CONF_INT_OR1_START,CONF_INT_OR1_END,OR2,SE_OR2,CONF_INT_OR2_START,CONF_INT_OR2_END,OR_allele_counting,SE_OR_allele_counting,CONF_INT_OR_allele_counting_START,CONF_INT_OR_allele_counting_END,logistic_beta,logistic_SE
node_0,1.4381794101219603,0.05530775645491539,1.329776207470326,1.5465826127735944,1.7144464173186995,0.06187043439593208,1.5931803659026726,1.8357124687347264,1.1920949536979613,0.0610551471640867,1.0724268652563513,1.3117630421395712,1.3927210605843203,0.0010238953586973964,1.3907142256812735,1.3947278954873672,0.9077682761160789,0.02124133370404207
node_1,0.5902967755401516,0.05577082764426205,0.48098595335739797,0.6996075977229053,0.6415605990051075,0.061219985492317025,0.5215694274401662,0.7615517705700489,1.0868441529568698,0.06058688602215415,0.9680938563534476,1.205594449560292,0.7313477608742232,0.0010340197583839914,0.7293210821477906,0.7333744396006557,0.6631739819803077,0.02057294913368496
node_2,1.2929490911730674,0.0528702134185968,1.1893234728726176,1.3965747094735173,1.725502019039266,0.08631319103388173,1.556328164612858,1.8946758734656741,1.33454753231912,0.08114647126978383,1.1755004486303438,1.4935946160078963,1.2292659753960065,0.0009365450771820511,1.2274303470447296,1.2311016037472833,1.086508337691521,0.025145190506865634
