node_id,OR0,SE_OR0,CONF_INT_OR0_START,CONF_INT_OR0_END,OR1,SE_OR1,CONF_INT_OR1_START,CONF_INT_OR1_END,OR2,SE_OR2,CONF_INT_OR2_START,CONF_INT_OR2_END,OR_allele_counting,SE_OR_allele_counting,CONF_INT_OR_allele_counting_START,CONF_INT_OR_allele_counting_END,logistic_beta,logistic_SE
node_0,1.0577574967405476,0.1435608636068577,0.7763782040711065,1.3391367894099888,1.7175141242937852,0.49354666851813755,0.7501626539982357,2.684865594589335,1.6237314597970336,0.48513373505408564,0.6728693390910258,2.5745935805030413,1.0544174135723432,0.006659180117965618,1.0413654205411307,1.0674694066035557,0.49554913696256353,0.07474438894903591
node_1,1.3103697928269102,0.1721355003371816,0.9729842121660344,1.6477553734877861,1.0569212759730757,0.17042056197885197,0.722896974494526,1.3909455774516255,0.8065824485261825,0.14914103708605886,0.5142660158375072,1.098898881214858,1.0036642819752224,0.01008877159309021,0.9838902896527656,1.0234382742976793,0.2960829560719349,0.04720841959951292
node_2,0.7213066653626095,0.15007987020069924,0.42715011976923895,1.01546321095598,0.6711099262418911,0.17655592838584644,0.3250603066056321,1.0171595458781502,0.9304086021505377,0.16876714116011038,0.5996250054767214,1.261192198824354,0.7864681275664889,0.007663067245265247,0.771448515765769,0.8014877393672087,0.23498974099558073,0.05656410242096575
