node_id,OR0,SE_OR0,CONF_INT_OR0_START,CONF_INT_OR0_END,OR1,SE_OR1,CONF_INT_OR1_START,CONF_INT_OR1_END,OR2,SE_OR2,CONF_INT_OR2_START,CONF_INT_OR2_END,OR_allele_counting,SE_OR_allele_counting,CONF_INT_OR_allele_counting_START,CONF_INT_OR_allele_counting_END,logistic_beta,logistic_SE
node_0,1.034047919293821,0.27524293068236666,0.4945717751563824,1.5735240634312597,1.314102564102564,0.2275730007973479,0.8680594825397623,1.760145645665366,1.2708333333333333,0.3035638621122853,0.6758481635932541,1.8658185030734125,1.2365682137834035,0.015357395612172683,1.206467718383545,1.266668709183262,-0.42998717911209244,0.08749983121544723
node_1,0.9986312619764578,0.3471364653977572,0.31824378979685364,1.6790187341560618,1.1407129455909943,0.43034277009482147,0.29724111620514426,1.9841847749768444,1.1422764227642277,0.2989188377061218,0.5563955008602289,1.7281573446682263,1.0318772136953955,0.02008281573498965,0.9925148948548158,1.0712395325359751,-0.7224640169961986,0.0898171245887955
node_2,1.1315938740782756,0.3313630129134894,0.48212236876783643,1.7810653793887148,1.069145157470992,0.2244912678369285,0.6291422725106122,1.509148042431372,0.944813490035769,0.30392378783115975,0.34912286588669583,1.5405041141848421,1.0515286693504515,0.02770711853794075,0.9972227170160877,1.1058346216848154,-0.457661617358602,0.06284685556543193
