node_id,OR0,SE_OR0,CONF_INT_OR0_START,CONF_INT_OR0_END,OR1,SE_OR1,CONF_INT_OR1_START,CONF_INT_OR1_END,OR2,SE_OR2,CONF_INT_OR2_START,CONF_INT_OR2_END,OR_allele_counting,SE_OR_allele_counting,CONF_INT_OR_allele_counting_START,CONF_INT_OR_allele_counting_END,logistic_beta,logistic_SE
node_0,0.38380281690140844,1.1283877077356252,-1.827837090260417,2.595442724063234,0.558258642765685,0.603463263072368,-0.6245293528561562,1.7410466383875263,1.4545454545454546,1.2613124477737825,-1.0176269430911589,3.926717852182068,0.5373856912318451,0.022995022995022995,0.49231544616160006,0.5824559363020901,-0.5762468541784551,0.2875181359919225
node_1,1.9713261648745517,0.4783552247877989,1.0337499242904657,2.9089024054586377,1.4460093896713613,0.440975835412139,0.5816967522635689,2.310322027079154,0.7335211267605634,0.3318916922248979,0.08301340999976348,1.3840288435213632,1.098938029305014,0.07317829457364342,0.9555085719406728,1.242367486669355,-0.25703007639628855,0.09143086388344998
node_2,1.326,0.31924212667651997,0.7002854317140209,1.9517145682859791,1.8830769230769233,0.46889684728484277,0.9640391023986316,2.802114743755215,1.4201183431952662,0.45007121943543843,0.5379787531018069,2.3022579332887254,1.3334204337601254,0.03481758912470523,1.265177959075703,1.4016629084445478,-0.23377688086217827,0.1441921119975055
