node_id,OR0,SE_OR0,CONF_INT_OR0_START,CONF_INT_OR0_END,OR1,SE_OR1,CONF_INT_OR1_START,CONF_INT_OR1_END,OR2,SE_OR2,CONF_INT_OR2_START,CONF_INT_OR2_END,OR_allele_counting,SE_OR_allele_counting,CONF_INT_OR_allele_counting_START,CONF_INT_OR_allele_counting_END,logistic_beta,logistic_SE
node_0,0.38596491228070173,0.9258816221901209,-1.4287630672119351,2.200692891773339,0.868421052631579,0.5492733588604625,-0.2081547307349274,1.9449968359980854,2.25,1.0540925533894598,0.18397859535665884,4.316021404643341,0.7826086956521738,0.023510466988727857,0.7365281803542673,0.8286892109500804,0.15500498117147724,0.2508810526800537
node_1,0.4766666666666667,0.4611983984186878,-0.4272821942339614,1.3806155275672949,1.2779411764705884,0.4277605445375655,0.43953050917696,2.1163518437642166,2.6809954751131224,0.3374386823540766,2.0196156576991324,3.3423752925271124,1.4792826221397652,0.06876456876456877,1.3445040673612105,1.61406117691832,0.35122177882267347,0.09377846226294777
node_2,2.96,0.3257991596994718,2.321433646989035,3.598566353010965,1.0833333333333333,0.46139786432511654,0.17899351925610485,1.9876731474105616,0.36599099099099097,0.4623525968024012,-0.5402200987417154,1.2722020807236973,1.3741496598639455,0.033135313531353135,1.3092044453424934,1.4390948743853977,0.5430028859915204,0.15452490848891573
