node_id,OR0,SE_OR0,CONF_INT_OR0_START,CONF_INT_OR0_END,OR1,SE_OR1,CONF_INT_OR1_START,CONF_INT_OR1_END,OR2,SE_OR2,CONF_INT_OR2_START,CONF_INT_OR2_END,OR_allele_counting,SE_OR_allele_counting,CONF_INT_OR_allele_counting_START,CONF_INT_OR_allele_counting_END,logistic_beta,logistic_SE
node_0,2.4705882352941178,0.9257255463229077,0.6561661645012187,4.285010306087017,1.0980392156862746,0.549010229011528,0.02197916682367973,2.1740992645488695,0.4444444444444444,1.0540925533894598,-1.6215769601988967,2.510465849087786,1.2194244604316549,0.023238046730756988,1.1738778888393713,1.2649710320239385,-0.15500498117147715,0.2508810526800537
node_1,1.3588235294117648,0.4716835356247613,0.43432379958723266,2.2833232592362966,1.3897058823529411,0.42958951592678685,0.5477104311364389,2.2317013335694433,1.0227272727272727,0.33435671779641457,0.3673881058463001,1.6780664396082452,1.1921568627450978,0.07393483709273183,1.0472445820433434,1.3370691434468522,-0.23209037346019173,0.09093224379075325
node_2,1.359416445623342,0.3163750332664104,0.7393213804211776,1.9795115108255064,1.282051282051282,0.4744767698509645,0.35207681314339156,2.2120257509591723,0.943089430894309,0.4563970747928283,0.048551164300365435,1.8376276974882524,1.177663734115347,0.03416360419218729,1.11070306989866,1.2446243983320342,-0.27562215131611323,0.14512756164219923
