node_id,OR0,SE_OR0,CONF_INT_OR0_START,CONF_INT_OR0_END,OR1,SE_OR1,CONF_INT_OR1_START,CONF_INT_OR1_END,OR2,SE_OR2,CONF_INT_OR2_START,CONF_INT_OR2_END,OR_allele_counting,SE_OR_allele_counting,CONF_INT_OR_allele_counting_START,CONF_INT_OR_allele_counting_END,logistic_beta,logistic_SE
node_0,0.9968355656051848,0.0581824779704219,0.8827979087831579,1.1108732224272118,1.2472735774208588,0.04963425617390061,1.1499904353200137,1.3445567195217039,1.2512330222323393,0.06448709296095773,1.124838320028862,1.3776277244358166,1.1802287241232778,0.0007245581776997433,1.1788085900949863,1.1816488581515694,-0.35609127054497924,0.018886627829806265
node_1,0.7801458603828835,0.07475797644438849,0.633620226551882,0.926671494213885,0.9657906252413189,0.09357101362607985,0.7823914385342023,1.1491898119484354,1.2379616098550132,0.06575437759867434,1.1090830297616114,1.366840189948415,1.0039361796707769,0.0009379090844050498,1.0020978778653429,1.0057744814762108,-0.5988871288339493,0.019423171921359072
node_2,1.193755261345374,0.07117340496615251,1.054255387611715,1.333255135079033,1.1629693097005296,0.05034408248509384,1.0642949080297457,1.2616437113713135,0.9742108347986268,0.06350208081081042,0.8497467564094384,1.0986749131878153,1.12379798164212,0.001401051596552536,1.121051920512877,1.1265440427713629,-0.3616543110373178,0.01337219235765499
