node_id,OR0,SE_OR0,CONF_INT_OR0_START,CONF_INT_OR0_END,OR1,SE_OR1,CONF_INT_OR1_START,CONF_INT_OR1_END,OR2,SE_OR2,CONF_INT_OR2_START,CONF_INT_OR2_END,OR_allele_counting,SE_OR_allele_counting,CONF_INT_OR_allele_counting_START,CONF_INT_OR_allele_counting_END,logistic_beta,logistic_SE
node_0,0.8965120640816023,0.05680121634062215,0.7851816800539829,1.0078424481092219,0.45320296115441194,0.04823208864481891,0.3586680674105669,0.547737854898257,0.5055179727209566,0.062428413251903195,0.3831582827472263,0.6278776626946868,0.5454319168663966,0.0007056761896545064,0.5440487915346738,0.5468150421981194,0.059331809490927416,0.017902977225037524
node_1,0.8888549609250849,0.07513358400881481,0.7415931362678079,1.0361167855823619,0.83749856040539,0.09348891636074516,0.6542602843383294,1.0207368364724505,0.9422218440832627,0.06445780633075937,0.8158845436749743,1.068559144491551,0.9666859385402431,0.0008774246532720948,0.9649661862198298,0.9684056908606564,0.3840898511371284,0.018491077414796924
node_2,0.3177158349572143,0.07099243782637646,0.17857065681751644,0.4568610130969121,0.4211865091769967,0.05269507927506327,0.3179041537978727,0.5244688645561206,1.325670498084291,0.06028181007182967,1.2075181503435048,1.4438228458250773,0.5364578353658985,0.001463464885171596,0.5335894441909622,0.5393262265408348,0.15111990341845988,0.012714643996183687
