node_id,OR0,SE_OR0,CONF_INT_OR0_START,CONF_INT_OR0_END,OR1,SE_OR1,CONF_INT_OR1_START,CONF_INT_OR1_END,OR2,SE_OR2,CONF_INT_OR2_START,CONF_INT_OR2_END,OR_allele_counting,SE_OR_allele_counting,CONF_INT_OR_allele_counting_START,CONF_INT_OR_allele_counting_END,logistic_beta,logistic_SE
node_0,1.0047870231400464,0.061577549640517024,0.8840950258446331,1.1254790204354599,2.946750402321988,0.04946055108509599,2.8498077221952,3.043693082448776,2.9327114447727816,0.06587870720792752,2.8035891786452436,3.0618337109003195,2.2855451632840595,0.0008133036565751907,2.2839510881171723,2.287139238450947,-0.12988966737675378,0.01800925959445296
node_1,0.3127766179696171,0.0731424646020557,0.16941738734958792,0.4561358485896463,1.2355377599617527,0.09102208910851142,1.0571344653090704,1.413941054614435,3.9502241823005195,0.06496683649021441,3.8228891827796994,4.07755918182134,1.1187181245580993,0.0009598711332683261,1.1168367771368934,1.120599471979305,-0.5611600372349553,0.019233222764935196
node_2,0.9672106477198437,0.07104720714625676,0.8279581217131804,1.106463173726507,0.9476332431547568,0.049587318539801764,0.8504420988167454,1.0448243874927683,0.9797589029739905,0.06420183598807344,0.8539233044373665,1.1055945015106143,0.9560424028127263,0.0013514714279266177,0.9533935188139901,0.9586912868114625,-0.39419915582634746,0.0135231985999898
