node_id,OR0,SE_OR0,CONF_INT_OR0_START,CONF_INT_OR0_END,OR1,SE_OR1,CONF_INT_OR1_START,CONF_INT_OR1_END,OR2,SE_OR2,CONF_INT_OR2_START,CONF_INT_OR2_END,OR_allele_counting,SE_OR_allele_counting,CONF_INT_OR_allele_counting_START,CONF_INT_OR_allele_counting_END,logistic_beta,logistic_SE
node_0,0.9911850201366347,0.06285624679972336,0.8679867764091769,1.1143832638640925,0.9606690777576854,0.22746063594825072,0.514846231299114,1.4064919242162568,0.9692126679086185,0.2239905143733423,0.5301912597368676,1.4082340760803693,0.9944570343114465,0.0012789455635551289,0.9919503010068784,0.9969637676160146,-0.2933407753795382,0.03301461820539708
node_1,0.22075621907401488,0.08157195820850058,0.060875180985353744,0.38063725716267605,0.9348719132240941,0.07616899296951951,0.7855806870038359,1.0841631394443523,4.234861047835991,0.07081070377826268,4.096072068430596,4.373650027241386,1.1587126846518616,0.002000360286418069,1.154791978490482,1.1626333908132411,-0.14579704638002453,0.020459495936151366
node_2,1.2825132359017228,0.06505051725769886,1.155014222076633,1.4100122497268126,1.5692314620910177,0.07930404748695212,1.4137955290165916,1.7246673951654439,1.2235596625150662,0.07610183838336182,1.074400059283677,1.3727192657464553,1.2861672080322288,0.0014426766817338468,1.2833395617360306,1.288994854328427,-0.10704424451125467,0.02538901832653174
