node_id,OR0,SE_OR0,CONF_INT_OR0_START,CONF_INT_OR0_END,OR1,SE_OR1,CONF_INT_OR1_START,CONF_INT_OR1_END,OR2,SE_OR2,CONF_INT_OR2_START,CONF_INT_OR2_END,OR_allele_counting,SE_OR_allele_counting,CONF_INT_OR_allele_counting_START,CONF_INT_OR_allele_counting_END,logistic_beta,logistic_SE
node_0,1.0798545004794395,0.06398285641368269,0.9544481019086215,1.2052608990502576,1.580396475770925,0.2473394735944549,1.0956111075257935,2.0651818440160565,1.4635272391505079,0.24409763903720688,0.9850958666375824,1.9419586116634333,1.0539402997378782,0.001330074740304882,1.0513333532468807,1.0565472462288756,0.5295180101483089,0.03399579353738206
node_1,1.337442046138977,0.07816948342198099,1.1842298586318944,1.4906542336460598,0.9883921011662525,0.0771856014162521,0.8371083223903985,1.1396758799421067,0.7390167701244424,0.06664394618668372,0.6083946355985423,0.8696389046503425,0.9536985749620891,0.002073653910008513,0.9496342132984724,0.9577629366257058,0.30123347743993834,0.021057184189066793
node_2,0.7372650297496273,0.06685445729558272,0.6062302934502851,0.8682997660489694,0.6434384248742266,0.08096613410276461,0.484744802032808,0.8021320477156453,0.8727369384286898,0.07707201994651168,0.7216757793335269,1.0237980975238528,0.7764402073126179,0.0015241867104995562,0.7734528013600387,0.779427613265197,0.25318770190011697,0.025878819521574538
