node_id,OR0,SE_OR0,CONF_INT_OR0_START,CONF_INT_OR0_END,OR1,SE_OR1,CONF_INT_OR1_START,CONF_INT_OR1_END,OR2,SE_OR2,CONF_INT_OR2_START,CONF_INT_OR2_END,OR_allele_counting,SE_OR_allele_counting,CONF_INT_OR_allele_counting_START,CONF_INT_OR_allele_counting_END,logistic_beta,logistic_SE
node_0,1.7730899362030472,0.04858664955699569,1.6778601030713356,1.8683197693347589,2.1245373119159567,0.052532069573956265,2.0215744555510025,2.227500168280911,1.1982118157331096,0.04915098752972674,1.1018758801748452,1.2945477512913741,1.5722950118580148,0.000793920159419168,1.5707389283455533,1.5738510953704763,0.14552917873341964,0.016140587009503216
node_1,0.4946453071907051,0.04703999065421389,0.40244692550844585,0.5868436888729643,0.555796683553513,0.05136219756184963,0.4551267763322877,0.6564665907747382,1.1236267189314133,0.05378825207655974,1.0182017448613563,1.2290516930014703,0.6479555517954361,0.0006834947658598826,0.6466159020543507,0.6492952015365214,-0.16047994406200852,0.017672241306075476
node_2,1.6922811741178916,0.046719208442721656,1.6007115255701572,1.783850822665626,2.9703311877575453,0.07158406301876778,2.8300264242407605,3.1106359512743302,1.755223205922528,0.06540029642022284,1.627038624938891,1.8834077869061647,1.5036780571373771,0.000697797198829726,1.502310374627671,1.5050457396470833,0.1837192685705112,0.019343052979743817
