node_id,OR0,SE_OR0,CONF_INT_OR0_START,CONF_INT_OR0_END,OR1,SE_OR1,CONF_INT_OR1_START,CONF_INT_OR1_END,OR2,SE_OR2,CONF_INT_OR2_START,CONF_INT_OR2_END,OR_allele_counting,SE_OR_allele_counting,CONF_INT_OR_allele_counting_START,CONF_INT_OR_allele_counting_END,logistic_beta,logistic_SE
node_0,0.8921127376010487,0.18385610189305024,0.5317547778906702,1.2524706973114272,1.847459519821329,0.14955146508148118,1.554338648261626,2.1405803913810324,2.0708812260536402,0.20108863089002713,1.676747509509187,2.4650149425980934,1.5861244019138754,0.0068279673542831435,1.5727415858994804,1.5995072179282703,-0.07058278192237714,0.05609258837509123
node_1,0.47458050547528835,0.22632036830940505,0.030992583588854483,0.9181684273617222,1.2736170212765958,0.2817187778336868,0.7214482167225696,1.8257858258306219,2.6836690647482015,0.19812294062417707,2.2953481011248145,3.0719900283715886,1.1062069936469388,0.008749025367640393,1.0890589039263636,1.1233550833675139,-0.2965098660703542,0.05718797241583408
node_2,1.141769865841073,0.2198494044974884,0.7108650330259958,1.5726746986561504,0.9220565036569625,0.14769479931936844,0.6325746969910003,1.2115383103229247,0.8075677343067194,0.20156291040410773,0.4125044299146682,1.2026310386987706,0.918655318997879,0.012092562100529381,0.8949538972808414,0.9423567407149166,-0.23235857116386086,0.040938024165029736
