node_id,OR0,SE_OR0,CONF_INT_OR0_START,CONF_INT_OR0_END,OR1,SE_OR1,CONF_INT_OR1_START,CONF_INT_OR1_END,OR2,SE_OR2,CONF_INT_OR2_START,CONF_INT_OR2_END,OR_allele_counting,SE_OR_allele_counting,CONF_INT_OR_allele_counting_START,CONF_INT_OR_allele_counting_END,logistic_beta,logistic_SE
node_0,1.3766197125923523,0.07803228781164867,1.223676428481521,1.5295629967031836,1.689316170555109,0.08730714511557021,1.5181941661285914,1.8604381749816266,1.227148031589573,0.0861799938425165,1.0582352436582407,1.3960608195209054,1.379674718012074,0.002040424590288888,1.375675485815108,1.3836739502090403,0.8971056176454036,0.02989990809879495
node_1,0.6390070330525672,0.07915353912805405,0.4838660963615813,0.7941479697435532,0.5801595172282826,0.08587913414544679,0.41183641430320694,0.7484826201533583,0.9079078745922918,0.08499189539384217,0.7413237596203612,1.0744919895642224,0.6957116259606828,0.0020886770218427227,0.6916178189978711,0.6998054329234945,0.6449460496787524,0.028907910884992952
node_2,1.273448546739984,0.07450086776735321,1.1274268459159718,1.4194702475639964,1.710171066295021,0.12239691697233364,1.470273109029247,1.950069023560795,1.342944770460528,0.11522598255528634,1.1171018446521668,1.5687876962688891,1.2219553221731871,0.0018617417528500897,1.218306308337601,1.2256043360087734,1.079499885271413,0.03555857815757759
