node_id,OR0,SE_OR0,CONF_INT_OR0_START,CONF_INT_OR0_END,OR1,SE_OR1,CONF_INT_OR1_START,CONF_INT_OR1_END,OR2,SE_OR2,CONF_INT_OR2_START,CONF_INT_OR2_END,OR_allele_counting,SE_OR_allele_counting,CONF_INT_OR_allele_counting_START,CONF_INT_OR_allele_counting_END,logistic_beta,logistic_SE
node_0,0.3693379790940766,0.4670192309390752,-0.5460197135465108,1.284695671734664,1.3296167247386759,0.38915330578097185,0.5668762454079711,2.0923572040693807,3.6,0.5916079783099616,2.440448362512475,4.759551637487525,0.9922680412371134,0.009497032177444548,0.9736538581693222,1.0108822243049047,0.3169220778092545,0.16741736992914957
node_1,0.31055900621118016,0.29230999739244184,-0.26236858867800583,0.8834866011003661,0.8004718570947085,0.26717750372115806,0.2768039498012387,1.3241397643881783,2.5775193798449614,0.21873144681060833,2.148805744096169,3.0062330155937538,1.1019283746556474,0.02676767676767677,1.0494637281910009,1.154393021120294,0.3316442032737523,0.05982978879983343
node_2,2.6111111111111116,0.20555040043256642,2.2082323262632815,3.0139898959589417,1.1882716049382718,0.29561591404856513,0.6088644134030842,1.7676787964734593,0.45508274231678486,0.2933924499644648,-0.11996645961356606,1.0301319442471357,1.3692105263157894,0.013527620704654197,1.3426963897346673,1.3957246628969115,0.5873942216137787,0.09851522674664911
