node_id,OR0,SE_OR0,CONF_INT_OR0_START,CONF_INT_OR0_END,OR1,SE_OR1,CONF_INT_OR1_START,CONF_INT_OR1_END,OR2,SE_OR2,CONF_INT_OR2_START,CONF_INT_OR2_END,OR_allele_counting,SE_OR_allele_counting,CONF_INT_OR_allele_counting_START,CONF_INT_OR_allele_counting_END,logistic_beta,logistic_SE
node_0,0.8382245937424205,0.2091278272432609,0.42833405234562916,1.248115135139212,4.645161290322581,1.0689701270926553,2.549979841220977,6.740342739424185,5.541666666666667,1.059839392423787,3.4643814575160445,7.61895187581729,0.987396351575456,0.013708748832257922,0.9605272038642305,1.0142654992866815,0.5239030566340472,0.1058714911918188
node_1,1.1648148148148147,0.2548244959948968,0.665358802664817,1.6642708269648125,0.6650326797385621,0.24853879151789957,0.1778966483634789,1.1521687111136452,0.5709342560553634,0.2118377275567298,0.15573231004417298,0.9861362020665538,0.7407453416149069,0.0220682302771855,0.6974916102716233,0.7839990729581905,0.2632275289063371,0.0659022281028492
node_2,0.8982067510548523,0.20978504320448949,0.4870280663740529,1.3093854357356516,0.9550438596491228,0.25487077377753864,0.45549714304514705,1.4545905762530984,1.0632784250703093,0.24805841699562095,0.5770839277588923,1.5494729223817263,0.9631336405529954,0.014960213569945447,0.9338116219559024,0.9924556591500885,0.3603770563448655,0.08353824142687329
