node_id,OR0,SE_OR0,CONF_INT_OR0_START,CONF_INT_OR0_END,OR1,SE_OR1,CONF_INT_OR1_START,CONF_INT_OR1_END,OR2,SE_OR2,CONF_INT_OR2_START,CONF_INT_OR2_END,OR_allele_counting,SE_OR_allele_counting,CONF_INT_OR_allele_counting_START,CONF_INT_OR_allele_counting_END,logistic_beta,logistic_SE
node_0,1.5885504201680671,0.2010422795960829,1.1945075521597448,1.9825932881763895,4.057142857142857,0.8083131950722862,2.472848994801176,5.641436719484538,2.5539906103286385,0.7981527277765964,0.9896112638865096,4.118369956770767,1.28818292189397,0.012859966983919946,1.262977386605487,1.313388457182453,0.46833610213071153,0.10498615317289052
node_1,0.7428571428571428,0.246495584666487,0.25972579691082825,1.2259884888034573,0.7061461794019933,0.2464324630199715,0.2231385518828492,1.1891538069211374,0.9505813953488372,0.20404791652129906,0.5506474789670911,1.3505153117305833,0.8286830357142857,0.020282186948853614,0.7889299492945326,0.8684361221340388,0.1526373117863975,0.06465187129726661
node_2,0.57,0.20941648253634368,0.15954369422876635,0.9804563057712335,0.47094339622641507,0.2505301587149495,-0.020095714854885927,0.9619825073077161,0.8262164846077458,0.23934763472885875,0.35709512053918263,1.295337848676309,0.6404090958546405,0.014753764753764755,0.6114917169372616,0.6693264747720193,0.050826445071126214,0.07975908927057201
