node_id,OR0,SE_OR0,CONF_INT_OR0_START,CONF_INT_OR0_END,OR1,SE_OR1,CONF_INT_OR1_START,CONF_INT_OR1_END,OR2,SE_OR2,CONF_INT_OR2_START,CONF_INT_OR2_END,OR_allele_counting,SE_OR_allele_counting,CONF_INT_OR_allele_counting_START,CONF_INT_OR_allele_counting_END,logistic_beta,logistic_SE
node_0,0.9925558312655087,0.42804159024289623,0.15359431438943216,1.8315173481415852,1.115954664341761,0.3664493028280393,0.3977140307988041,1.834195297884718,1.1243243243243244,0.47748148182789824,0.18846061994164387,2.060188028707005,1.085,0.03853046594982079,1.0094802867383512,1.1605197132616487,-0.5019810681105278,0.1413346383291734
node_1,0.6111111111111112,0.5386056839460661,-0.4445560294231785,1.6667782516454008,2.037037037037037,0.6846070907366274,0.6952071391932475,3.378866934880827,3.3333333333333335,0.49359035273631835,2.3658962419701495,4.300770424696517,1.1835942727151076,0.05152895250487963,1.0825975258055436,1.2845910196246717,-0.7193980600039828,0.14448936536551918
node_2,1.1,0.49210945649491145,0.13546546526997372,2.0645345347300266,1.2906666666666669,0.3647331943082546,0.5757896058224878,2.0055437275108456,1.1733333333333333,0.4431863506631735,0.3046880860335133,2.0419785806331534,1.237842617152962,0.06913919413919414,1.1023297966401415,1.3733554376657824,-0.4529407792493079,0.1018520013608583
