node_id,OR0,SE_OR0,CONF_INT_OR0_START,CONF_INT_OR0_END,OR1,SE_OR1,CONF_INT_OR1_START,CONF_INT_OR1_END,OR2,SE_OR2,CONF_INT_OR2_START,CONF_INT_OR2_END,OR_allele_counting,SE_OR_allele_counting,CONF_INT_OR_allele_counting_START,CONF_INT_OR_allele_counting_END,logistic_beta,logistic_SE
node_0,1.1818181818181819,0.41002871012106346,0.3781619099808975,1.9854744536554663,2.276094276094276,0.34441561901591894,1.6010396628230747,2.951148889365477,1.9259259259259258,0.4477706728880036,1.0482954070654387,2.803556444786413,1.893491124260355,0.03675213675213675,1.8214569362261668,1.965525312294543,-0.11333349151008645,0.1277271596691292
node_1,0.7407407407407407,0.5195897852859936,-0.27765523841980677,1.7591367199012882,1.038961038961039,0.6773228430860971,-0.2885917334877113,2.3665138114097894,1.4025974025974026,0.49297615867858463,0.43636413158737675,2.3688306736074285,1.0127472527472527,0.04419642857142857,0.9261222527472528,1.0993722527472527,-0.5025525721461637,0.13681480242888128
node_2,0.7312252964426876,0.4647147871018715,-0.17961568627698044,1.6420662791623557,0.9505928853754939,0.3355821087987059,0.29285195213003035,1.6083338186209575,1.3,0.4284997551151917,0.46014047997422425,2.1398595200257757,0.9818265470439383,0.05765559373806796,0.8688215833173252,1.0948315107705515,-0.3243154567008955,0.0973913249398973
