node_id,OR0,SE_OR0,CONF_INT_OR0_START,CONF_INT_OR0_END,OR1,SE_OR1,CONF_INT_OR1_START,CONF_INT_OR1_END,OR2,SE_OR2,CONF_INT_OR2_START,CONF_INT_OR2_END,OR_allele_counting,SE_OR_allele_counting,CONF_INT_OR_allele_counting_START,CONF_INT_OR_allele_counting_END,logistic_beta,logistic_SE
node_0,1.3975903614457832,0.47444955470861444,0.4676692342168989,2.3275114886746673,0.37783132530120483,0.3513926069223081,-0.3108981842665191,1.0665608348689288,0.27034482758620687,0.5030449156806162,-0.7156232071478008,1.2563128623202144,0.4817813765182186,0.042002442002442,0.39945659019343227,0.564106162843005,0.2293169349932667,0.12997922691512592
node_1,0.5496894409937888,0.6595268087560003,-0.7429831041679719,1.8423619861555496,0.15584415584415584,0.7878267548585765,-1.3882962836786539,1.6999845953669657,0.2835130970724191,0.49610764720477746,-0.6888578914489447,1.255884085593783,0.7018533440773571,0.052160168598524764,0.5996194136242485,0.8040872745304657,0.5787258476476318,0.13924128304272548
node_2,0.36,0.5171796085256528,-0.6536720327102795,1.3736720327102794,0.306,0.413300125168203,-0.5040682453296779,1.116068245329678,0.85,0.41960638545734447,0.027571484503604804,1.6724285154963952,0.41271842911187173,0.08535895986433013,0.24541486777778468,0.5800219904459588,0.29609064534837026,0.09661471937579169
