node_id,OR0,SE_OR0,CONF_INT_OR0_START,CONF_INT_OR0_END,OR1,SE_OR1,CONF_INT_OR1_START,CONF_INT_OR1_END,OR2,SE_OR2,CONF_INT_OR2_START,CONF_INT_OR2_END,OR_allele_counting,SE_OR_allele_counting,CONF_INT_OR_allele_counting_START,CONF_INT_OR_allele_counting_END,logistic_beta,logistic_SE
node_0,1.3042857142857145,0.4226955989769245,0.4758023402909425,2.1327690882804866,4.517006802721088,0.3558532367485473,3.8195344586939353,5.214479146748241,3.463203463203463,0.45801543481430684,2.5654932109674218,4.360913715439505,3.1911338828246825,0.04032195045713839,3.112102859928691,3.270164905720674,0.0645960637388733,0.12723626548441913
node_1,0.6447534766118838,0.5208786264731177,-0.37616863127542677,1.6656755844991942,3.0952380952380953,0.6974574441834329,1.728221504638567,4.462254685837624,4.800653594771242,0.5215813879435522,3.7783540744018795,5.822953115140604,1.2604307692307692,0.045806824754193176,1.1706493927125505,1.350212145748988,-0.41073232551674344,0.13430164315111162
node_2,1.2675,0.45007121943543843,0.38536040990654075,2.1496395900934595,1.0585714285714285,0.3409435868298803,0.39032199838486314,1.7268208587579938,0.8351648351648351,0.4092976675751713,0.032941406717499344,1.6373882636121708,1.0285377358490566,0.058144012321909896,0.9145754716981133,1.1425,-0.3148566470911726,0.09712303474179314
