node_id,OR0,SE_OR0,CONF_INT_OR0_START,CONF_INT_OR0_END,OR1,SE_OR1,CONF_INT_OR1_START,CONF_INT_OR1_END,OR2,SE_OR2,CONF_INT_OR2_START,CONF_INT_OR2_END,OR_allele_counting,SE_OR_allele_counting,CONF_INT_OR_allele_counting_START,CONF_INT_OR_allele_counting_END,logistic_beta,logistic_SE
node_0,1.4938910291689598,0.17806020053271088,1.1448930361248464,1.8428890222130732,1.7458193979933108,0.19808966368277683,1.3575636571750682,2.1340751388115535,1.1686390532544377,0.19814336211608344,0.7802780635069142,1.5570000430019613,1.4183300772955068,0.010495811915050482,1.397758285942008,1.4389018686490056,0.9596669172171849,0.06923638933441083
node_1,0.5757146536183363,0.1808443011963621,0.22125982327346655,0.930169483963206,0.5157635017819611,0.19922819124398425,0.12527624694375195,0.9062507566201702,0.895866552189378,0.19318138206375982,0.5172310433444088,1.2745020610343474,0.6487917907977492,0.010992554916703524,0.6272463831610102,0.6703371984344881,0.6763042042388419,0.06632760281582296
node_2,1.0740366250983036,0.17703551263733486,0.7270470203291273,1.4210262298674798,0.9695152423788105,0.25746770964971105,0.46487853146537683,1.4741519532922442,0.9026835954407733,0.23374350293624477,0.44454632968573354,1.360820861195813,1.003141411476943,0.010274280980423937,0.9830038207553121,1.023279002198574,1.037032174294484,0.07731908674051573
