node_id,OR0,SE_OR0,CONF_INT_OR0_START,CONF_INT_OR0_END,OR1,SE_OR1,CONF_INT_OR1_START,CONF_INT_OR1_END,OR2,SE_OR2,CONF_INT_OR2_START,CONF_INT_OR2_END,OR_allele_counting,SE_OR_allele_counting,CONF_INT_OR_allele_counting_START,CONF_INT_OR_allele_counting_END,logistic_beta,logistic_SE
node_0,2.1129326047358834,0.44130027537313726,1.2479840650045344,2.9778811444672324,1.5664845173041895,0.44806290594909803,0.6882812216439573,2.4446878129644216,0.7413793103448275,0.5125616211598908,-0.26324146712855845,1.7460000878182136,1.4518518518518517,0.051927437641723355,1.350074074074074,1.5536296296296295,1.1034206721688444,0.17929136299810047
node_1,0.650887573964497,0.4373313860892461,-0.20628194277042533,1.5080570906994195,0.3431952662721894,0.4555871834211458,-0.5497556132332564,1.236146145777635,0.5272727272727272,0.4544345174485117,-0.3634189269263557,1.4179643814718101,0.5080811763276218,0.06353272703983605,0.3835570313295432,0.6326053213257005,0.7043160392411257,0.1550908216793495
node_2,1.0427807486631016,0.39127557632184046,0.2758806190722942,1.8096808782539089,1.7843137254901962,0.6910016649854852,0.4299504621186452,3.1386769888617474,1.7111111111111112,0.6614514627076106,0.4146662442041946,3.007555978018028,1.1785714285714286,0.052083333333333336,1.0764880952380953,1.280654761904762,1.2725602496280872,0.1975601346165348
