node_id,OR0,SE_OR0,CONF_INT_OR0_START,CONF_INT_OR0_END,OR1,SE_OR1,CONF_INT_OR1_START,CONF_INT_OR1_END,OR2,SE_OR2,CONF_INT_OR2_START,CONF_INT_OR2_END,OR_allele_counting,SE_OR_allele_counting,CONF_INT_OR_allele_counting_START,CONF_INT_OR_allele_counting_END,logistic_beta,logistic_SE
node_0,1.0803219341909627,0.10066054577673922,0.8830272644685538,1.2776166039133716,1.5439882697947216,0.36729797748237464,0.8240842339292673,2.2638923056601756,1.429192744245253,0.3621008106945964,0.7194751552838441,2.138910333206662,1.0561261495634326,0.0033174715647601325,1.0496239052965028,1.0626283938303624,0.532828912294322,0.0538381252131608
node_1,1.2862511052166223,0.12501414599765479,1.0412233790612189,1.5312788313720258,0.9235037653587,0.12317768738758153,0.6820754980790402,1.1649320326383599,0.717980930483375,0.10496300300306505,0.5122534445973674,0.9237084163693825,0.9133204350931026,0.005292780080310922,0.9029465861356931,0.923694284050512,0.29351863979833753,0.033074626909879674
node_2,0.7763295293503394,0.10586579613014753,0.5688325689352502,0.9838264897654285,0.6342479674796748,0.1265973714030416,0.3861171195297133,0.8823788154296364,0.8169829222011386,0.12136969152396436,0.5790983268141684,1.0548675175881086,0.7724055615443083,0.0038205056386333763,0.7649173704925869,0.7798937525960297,0.2529411785473235,0.04077254197164005
