node_id,OR0,SE_OR0,CONF_INT_OR0_START,CONF_INT_OR0_END,OR1,SE_OR1,CONF_INT_OR1_START,CONF_INT_OR1_END,OR2,SE_OR2,CONF_INT_OR2_START,CONF_INT_OR2_END,OR_allele_counting,SE_OR_allele_counting,CONF_INT_OR_allele_counting_START,CONF_INT_OR_allele_counting_END,logistic_beta,logistic_SE
node_0,1.5707832077072832,0.09842253010613057,1.3778750486992672,1.7636913667152991,2.22463768115942,0.35832482804077503,1.5223210181995008,2.926954344119339,1.4162601626016258,0.3533837229298837,0.7236280656590538,2.1088922595441977,1.262845053395124,0.0031495676703256273,1.2566719007612859,1.2690182060289623,0.4216647931429673,0.05297478941456332
node_1,0.8380182002022244,0.12238934970625077,0.5981350747779729,1.077901325626476,0.8434652522779817,0.12251392939552332,0.6033379506627561,1.0835925538932074,1.0064999209736052,0.10164701632705306,0.8072717689725812,1.2057280729746291,0.9168792517006803,0.005020190895741556,0.9070396775450269,0.9267188258563337,0.15424938324192417,0.032229632808120884
node_2,0.6163252435746008,0.10407925761327474,0.41232989865258235,0.8203205884966194,0.47065555322436053,0.12539354742155462,0.22488420027811348,0.7164269061706076,0.7636480220972675,0.1197226516297382,0.5289916249029806,0.9983044192915543,0.6487481684398293,0.0036614287015151697,0.6415717681848596,0.655924568694799,0.030141621229217607,0.03983864898691153
