node_id,OR0,SE_OR0,CONF_INT_OR0_START,CONF_INT_OR0_END,OR1,SE_OR1,CONF_INT_OR1_START,CONF_INT_OR1_END,OR2,SE_OR2,CONF_INT_OR2_START,CONF_INT_OR2_END,OR_allele_counting,SE_OR_allele_counting,CONF_INT_OR_allele_counting_START,CONF_INT_OR_allele_counting_END,logistic_beta,logistic_SE
node_0,0.9772420443587272,0.09903435999012546,0.7831346987780813,1.171349389939373,1.2388235294117649,0.3351509018815396,0.5819277617239472,1.8957192970995824,1.2676731793960923,0.32953419934470457,0.6217861486804713,1.9135602101117133,1.0018974971162742,0.003201725540556125,0.9956221150567842,1.0081728791757643,-0.3136313362129992,0.05232142123344207
node_1,0.22562519296079034,0.12993674334325114,-0.029050823991981917,0.4803012099135626,0.9414556962025317,0.12100055176714725,0.7042946147389231,1.1786167776661403,4.172653256704981,0.11182066737053833,3.953484748658726,4.391821764751237,1.1754196143709252,0.0051005184439222705,1.1654225982208375,1.185416630521013,-0.15944666991052586,0.03225172540535774
node_2,1.041106719367589,0.10283981715978607,0.8395406777344082,1.2426727610007697,1.3686348606518657,0.12386644132392897,1.1258566356569648,1.6114130856467666,1.314596126594237,0.12027702565136117,1.0788531563175692,1.5503390968709048,1.1754091174751606,0.0036002591189954157,1.1683526096019297,1.1824656253483916,-0.15960603114295882,0.040203097653366104
