node_id,OR0,SE_OR0,CONF_INT_OR0_START,CONF_INT_OR0_END,OR1,SE_OR1,CONF_INT_OR1_START,CONF_INT_OR1_END,OR2,SE_OR2,CONF_INT_OR2_START,CONF_INT_OR2_END,OR_allele_counting,SE_OR_allele_counting,CONF_INT_OR_allele_counting_START,CONF_INT_OR_allele_counting_END,logistic_beta,logistic_SE
node_0,1.7243243243243245,0.4596270499547742,0.823455306412967,2.625193342235682,1.254054054054054,0.356780574843253,0.5547641273612781,1.9533439807468298,0.7272727272727272,0.565752381856018,-0.38160194116506807,1.8361473957105225,1.331758530183727,0.009015822174770526,1.3140875187211767,1.3494295416462772,-0.02564610637403193,0.16017575121952665
node_1,0.782172373081464,0.2730974372684365,0.24690139603532857,1.3174433501275995,0.8116883116883117,0.24007104162186946,0.34114907010944756,1.2822275532671759,1.0377358490566038,0.21624469892566503,0.6138962391623003,1.4615754589509073,0.8903642083933238,0.025483832191369155,0.8404158972982402,0.9403125194884073,-0.19008562454763708,0.05788272027040467
node_2,1.0578684807256236,0.196611700417085,0.6725095479081369,1.4432274135431102,1.3625,0.2951118069364087,0.784080858404639,1.940919141595361,1.2879672897196262,0.28413350526520464,0.7310656193998251,1.8448689600394272,1.1240710347243992,0.013261553222109696,1.098078390409064,1.1500636790397343,-0.1764227554703338,0.09012372882323252
