node_id,OR0,SE_OR0,CONF_INT_OR0_START,CONF_INT_OR0_END,OR1,SE_OR1,CONF_INT_OR1_START,CONF_INT_OR1_END,OR2,SE_OR2,CONF_INT_OR2_START,CONF_INT_OR2_END,OR_allele_counting,SE_OR_allele_counting,CONF_INT_OR_allele_counting_START,CONF_INT_OR_allele_counting_END,logistic_beta,logistic_SE
node_0,0.8497109826589595,0.478772984058241,-0.08868406609519275,1.7881060314131116,0.5680924855491329,0.40069247758714416,-0.2172647705216696,1.3534497416199356,0.6685714285714286,0.6090084817893187,-0.525085195735636,1.8622280528784931,0.6284005575790278,0.009243539910909303,0.6102832193536456,0.64651789580441,-0.5269825258461042,0.18038040262612465
node_1,1.3555555555555554,0.27966341276815715,0.8074152665299674,1.9036958445811434,1.066839826839827,0.24962321354248435,0.5775783282965576,1.5561013253830962,0.7870129870129872,0.2170954336886134,0.3615059369833049,1.2125200370426694,0.9845211473018961,0.0266812098837941,0.9322259759296596,1.0368163186741326,-0.2787376357149026,0.058977110564857375
node_2,1.2471655328798186,0.20157129055607031,0.8520858033899208,1.6422452623697164,1.3871252204585536,0.30062733562044797,0.7978956426424756,1.9763547982746315,1.1122222222222222,0.28763313914224614,0.5484612695034198,1.6759831749410248,1.178479129140888,0.013900062572628945,1.1512350064985353,1.2057232517832408,-0.30025431201285147,0.0917392040647171
