node_id,OR0,SE_OR0,CONF_INT_OR0_START,CONF_INT_OR0_END,OR1,SE_OR1,CONF_INT_OR1_START,CONF_INT_OR1_END,OR2,SE_OR2,CONF_INT_OR2_START,CONF_INT_OR2_END,OR_allele_counting,SE_OR_allele_counting,CONF_INT_OR_allele_counting_START,CONF_INT_OR_allele_counting_END,logistic_beta,logistic_SE
node_0,0.8246988199498375,0.12991459433167102,0.5700662150597624,1.0793314248399126,1.9400047009049242,0.1068515332504725,1.730575695733998,2.1494337060758504,2.3523796251132327,0.143188778162883,2.071729619913982,2.6330296303124836,1.6215223555070883,0.003384394516204806,1.614888942255327,1.6281557687588497,-0.0636068352052462,0.04017685663149918
node_1,0.4878167641325536,0.16454045085721872,0.1653174804524049,0.8103160478127023,1.1383495145631068,0.20376965863908986,0.7389609836304907,1.537738045495723,2.3335596442392563,0.14104727948063836,2.057106976457205,2.6100123120213077,1.0755955274671851,0.004368712045681138,1.0670328518576502,1.08415820307672,-0.31319440888614825,0.04065398370203991
node_2,0.8633640090593733,0.15694715928382239,0.5557475768630814,1.170980441255665,0.8702354556013092,0.10476327671652925,0.6648994332369119,1.0755714779657066,1.0079589216944802,0.14366836127920687,0.7263689335872348,1.2895489098017257,0.8930701503687218,0.006138434973527427,0.8810388178206081,0.9051014829168356,-0.23941875759202613,0.028866840952337748
