node_id,OR0,SE_OR0,CONF_INT_OR0_START,CONF_INT_OR0_END,OR1,SE_OR1,CONF_INT_OR1_START,CONF_INT_OR1_END,OR2,SE_OR2,CONF_INT_OR2_START,CONF_INT_OR2_END,OR_allele_counting,SE_OR_allele_counting,CONF_INT_OR_allele_counting_START,CONF_INT_OR_allele_counting_END,logistic_beta,logistic_SE
node_0,0.9183729634522237,0.129331194434027,0.6648838223615309,1.1718621045429165,0.4742653473243439,0.10790196272869675,0.26277750037609826,0.6857531942725895,0.51641910879165,0.1417518277536906,0.23858552639441638,0.7942526911888836,0.5628974798786119,0.0035531491316897093,0.5559333075805001,0.5698616521767238,0.09758154359222969,0.040274943491681016
node_1,0.8873042505592842,0.17169442404863158,0.5507831794239664,1.223825321694602,0.9099616858237548,0.21204725522536705,0.4943490655820354,1.3255743060654743,1.025535136623305,0.14434949214056536,0.7426101320277969,1.308460141218813,0.9856695029108823,0.00445893753324545,0.9769299853457212,0.9944090204760434,0.4312989369796264,0.04154644986476214
node_2,0.2714018691588785,0.16411655840097772,-0.050266585307037814,0.5930703236247947,0.4027187765505522,0.11872848736746516,0.1700109413103205,0.635426611790784,1.483846731780616,0.140325103210436,1.2088095294881616,1.7588839340730706,0.5169985909092996,0.007526534961652249,0.5022465823844612,0.5317505994341379,0.17040766707417457,0.028482031774930906
