node_id,OR0,SE_OR0,CONF_INT_OR0_START,CONF_INT_OR0_END,OR1,SE_OR1,CONF_INT_OR1_START,CONF_INT_OR1_END,OR2,SE_OR2,CONF_INT_OR2_START,CONF_INT_OR2_END,OR_allele_counting,SE_OR_allele_counting,CONF_INT_OR_allele_counting_START,CONF_INT_OR_allele_counting_END,logistic_beta,logistic_SE
node_0,0.9472098628105303,0.132516097886221,0.6874783109535372,1.2069414146675235,1.1101045522436521,0.11222261215006586,0.890148232429523,1.3300608720577811,1.1719731770420823,0.1476126803254808,0.8826523236041399,1.4612940304800246,1.0757775496699093,0.0036167861510327266,1.0686886488138851,1.0828664505259336,-0.4147649696444325,0.04319651180612177
node_1,0.7455473342497003,0.16960126902837178,0.41312884695409163,1.077965821545309,0.7994959677419355,0.21230822666386523,0.3833718434807597,1.2156200920031113,1.072361111111111,0.1488752273580294,0.7805656654893735,1.3641565567328486,0.9644701573616912,0.004758901651422795,0.9551427101249025,0.9737976045984799,-0.6511771394454189,0.04388225440377021
node_2,1.2376460017969453,0.16238078996424798,0.9193796534670192,1.5559123501268712,1.0365923878620371,0.1114974088039508,0.8180574666062935,1.2551273091177806,0.8375515990493266,0.14707574007942234,0.5492831484936589,1.1258200496049944,1.012590966998262,0.006904410951363004,0.9990583215335905,1.0261236124629336,-0.401379595546546,0.030290439790202607
