node_id,OR0,SE_OR0,CONF_INT_OR0_START,CONF_INT_OR0_END,OR1,SE_OR1,CONF_INT_OR1_START,CONF_INT_OR1_END,OR2,SE_OR2,CONF_INT_OR2_START,CONF_INT_OR2_END,OR_allele_counting,SE_OR_allele_counting,CONF_INT_OR_allele_counting_START,CONF_INT_OR_allele_counting_END,logistic_beta,logistic_SE
node_0,0.7242121002990568,0.14391221134008272,0.4421441660724947,1.0062800345256189,3.3588133361059125,0.10993449972678744,3.1433417166414093,3.5742849555704157,4.63788624177768,0.15471813780285468,4.334638691684084,4.941133791871275,2.4686302617571663,0.0038903931876635768,2.4610050911093455,2.476255432404987,-0.037812625210865945,0.040130009368694874
node_1,0.3119884448724121,0.16642773033347957,-0.014209906581207854,0.6381867963260321,1.2421127259836937,0.2061065334200642,0.8381439204803679,1.6460815314870194,3.9812779812779815,0.14455081604932443,3.6979583818213055,4.264597580734657,1.1308475491317946,0.004659621647422767,1.121714690702846,1.1399804075607434,-0.46432633116911676,0.04184287481627892
node_2,1.1691549102862622,0.15799885333040944,0.8594771577586597,1.4788326628138646,0.9080486127035085,0.10798391158126935,0.6964001460042205,1.1196970794027963,0.7766709139349011,0.1440078574232823,0.4944155133852678,1.0589263144845344,0.9035689801562414,0.006434645435213621,0.8909570751032228,0.9161808852092601,-0.3455988358170741,0.0297167238211607
