node_id,OR0,SE_OR0,CONF_INT_OR0_START,CONF_INT_OR0_END,OR1,SE_OR1,CONF_INT_OR1_START,CONF_INT_OR1_END,OR2,SE_OR2,CONF_INT_OR2_START,CONF_INT_OR2_END,OR_allele_counting,SE_OR_allele_counting,CONF_INT_OR_allele_counting_START,CONF_INT_OR_allele_counting_END,logistic_beta,logistic_SE
node_0,1.1068754254594964,0.314343705161489,0.49076176334297794,1.7229890875760148,0.8483535006923124,0.2523183954538466,0.3538094456027731,1.3428975557818517,0.7664399092970522,0.3910074113670208,6.538301769143384e-05,1.5328144355764128,0.9003058954393771,0.004675365020192606,0.8911421799997996,0.9094696108789546,-0.3237819276680144,0.11295820763925189
node_1,1.095890410958904,0.19547791985278878,0.7127536880474381,1.47902713387037,0.8742145728447098,0.17457435210981187,0.5320488427094785,1.2163803029799412,0.7977207977207977,0.1530797780029042,0.4976844328351055,1.09775716260649,0.8797276577102805,0.01310350529100529,0.8540447873399102,0.9054105280806508,-0.2874425173502565,0.04179292645180733
node_2,0.9334863397625458,0.14151085699517155,0.6561250600520097,1.210847619473082,1.3734466971877044,0.21129918849209764,0.9593002877431931,1.7875931066322157,1.4713088330109607,0.20345832892119434,1.0725305083254197,1.8700871576965017,1.0907659725996588,0.006869165081191097,1.0773024090405243,1.1042295361587933,-0.3219851700944174,0.06517689388713564
