node_id,OR0,SE_OR0,CONF_INT_OR0_START,CONF_INT_OR0_END,OR1,SE_OR1,CONF_INT_OR1_START,CONF_INT_OR1_END,OR2,SE_OR2,CONF_INT_OR2_START,CONF_INT_OR2_END,OR_allele_counting,SE_OR_allele_counting,CONF_INT_OR_allele_counting_START,CONF_INT_OR_allele_counting_END,logistic_beta,logistic_SE
node_0,0.9196366177498254,0.1950728896219377,0.5372937540908276,1.3019794814088232,3.4005638690088924,0.15398382460322352,3.0987555727865743,3.7023721652312105,3.697725605282465,0.20996140915978154,3.2862012433292933,4.109249967235637,2.555827657457718,0.007677254252596718,2.540780239122628,2.5708750757928076,0.01409637516769617,0.055972320234706954
node_1,0.3355763927192499,0.2283078951364535,-0.11190708174819897,0.7830598671866987,1.651530612244898,0.28826616464201293,1.0865289295465526,2.2165322949432436,4.9214743589743595,0.20766198218833992,4.514456873885213,5.328491844063506,1.20102457072384,0.0091836540474695,1.1830246087907998,1.2190245326568803,-0.3760351843498976,0.05797097377003682
node_2,1.5710590383444918,0.21960517475431687,1.1406328958260308,2.001485180862953,0.8358680671070765,0.15047346624639021,0.5409400732641516,1.1307960609500014,0.5320411561285915,0.2014254225915991,0.13724732784905724,0.9268349844081257,0.8187571128047728,0.012234442732776843,0.7947776050485302,0.8427366205610154,-0.3249469974875734,0.0419400591838587
