node_id,OR0,SE_OR0,CONF_INT_OR0_START,CONF_INT_OR0_END,OR1,SE_OR1,CONF_INT_OR1_START,CONF_INT_OR1_END,OR2,SE_OR2,CONF_INT_OR2_START,CONF_INT_OR2_END,OR_allele_counting,SE_OR_allele_counting,CONF_INT_OR_allele_counting_START,CONF_INT_OR_allele_counting_END,logistic_beta,logistic_SE
node_0,2.1933333333333334,0.3286628215257893,1.5491542031427863,2.8375124635238804,9.333333333333334,1.5255756134590486,6.343205130953599,12.323461535713069,4.25531914893617,1.510178233809619,1.295369810669317,7.215268487203023,1.4929577464788732,0.032952431570555406,1.4283709806005846,1.5575445123571618,0.6815995346899898,0.16971604943554092
node_1,0.6392045454545454,0.3878684302594363,-0.12101757785394973,1.3994266687630406,0.703125,0.3917553091181053,-0.06471540587148639,1.4709654058714863,1.1,0.32875645709370954,0.4556373440963294,1.7443626559036707,0.8390056229653744,0.050094655599242754,0.7408200979908586,0.9371911479398902,0.22538676114361353,0.10507709121378739
node_2,0.78,0.32784317333852736,0.13742738025648638,1.4225726197435136,0.6066666666666667,0.4020399751718001,-0.18133168467006155,1.394665018003395,0.7777777777777778,0.39012076465850987,0.013141079047098492,1.542414476508457,0.7566698202459792,0.03650084706607115,0.6851281599964797,0.8282114804954787,0.19259957383779105,0.1305851450865103
