node_id,OR0,SE_OR0,CONF_INT_OR0_START,CONF_INT_OR0_END,OR1,SE_OR1,CONF_INT_OR1_START,CONF_INT_OR1_END,OR2,SE_OR2,CONF_INT_OR2_START,CONF_INT_OR2_END,OR_allele_counting,SE_OR_allele_counting,CONF_INT_OR_allele_counting_START,CONF_INT_OR_allele_counting_END,logistic_beta,logistic_SE
node_0,2.547794117647059,0.4820102100868407,1.603054105876851,3.4925341294172667,7.875,1.227172514747776,5.469741871094358,10.280258128905642,3.090909090909091,1.180274598702457,0.7775708774522752,5.4042473043659065,1.6802721088435373,0.06713211600429644,1.5486931614751163,1.8118510562119583,0.07233888080342762,0.21975502450854947
node_1,0.1466666666666667,0.5735889896121865,-0.9775677529732187,1.2709010863065522,1.6133333333333335,0.5504818825631803,0.5343888435095001,2.692277823157167,11.0,0.5629237220824123,9.896669504718473,12.103330495281527,1.4285012285012284,0.08914177335229967,1.253783352730721,1.6032191042717359,-0.04708715204195195,0.15353153425298427
node_2,1.2444444444444445,0.4514087297226775,0.3596833341879966,2.129205554700892,1.9444444444444442,0.5623787347240659,0.8421821243852752,3.046706764503613,1.5625,0.5809475019311126,0.42384289621501936,2.701157103784981,1.4615384615384615,0.06477732793522267,1.3345748987854251,1.5885020242914978,0.0,0.19245008972987526
