node_id,OR0,SE_OR0,CONF_INT_OR0_START,CONF_INT_OR0_END,OR1,SE_OR1,CONF_INT_OR1_START,CONF_INT_OR1_END,OR2,SE_OR2,CONF_INT_OR2_START,CONF_INT_OR2_END,OR_allele_counting,SE_OR_allele_counting,CONF_INT_OR_allele_counting_START,CONF_INT_OR_allele_counting_END,logistic_beta,logistic_SE
node_0,3.5844155844155843,0.4645673519722158,2.673863574550041,4.494967594281127,13.09090909090909,1.5480518875233629,10.0567273913633,16.12509079045488,3.652173913043478,1.5229439182234616,0.6672038333254933,6.637143992761462,2.057486631016043,0.06449948400412797,1.931067642367952,2.1839056196641335,0.8685320114383405,0.25010813681124694
node_1,0.48888888888888893,0.5253666348466574,-0.5408297154105595,1.5186074931883373,0.8484848484848485,0.5648749366750964,-0.25867002739834033,1.9556397243680372,1.7355371900826446,0.4837175663366837,0.7874507600627445,2.6836236201025447,0.9458128078817734,0.09003831417624522,0.7693377120963327,1.122287903667214,0.26367482695999356,0.1577318289134528
node_2,0.8035714285714286,0.4514087297226775,-0.08118968168501928,1.6883325388278765,1.6714285714285715,0.6067890228019276,0.48212208673679346,2.8607350561203493,2.08,0.6240377207533828,0.8568860673233698,3.3031139326766303,1.2105263157894737,0.06477732793522267,1.0835627530364373,1.33748987854251,0.3837807013510065,0.203004180925824
