node_id,OR0,SE_OR0,CONF_INT_OR0_START,CONF_INT_OR0_END,OR1,SE_OR1,CONF_INT_OR1_START,CONF_INT_OR1_END,OR2,SE_OR2,CONF_INT_OR2_START,CONF_INT_OR2_END,OR_allele_counting,SE_OR_allele_counting,CONF_INT_OR_allele_counting_START,CONF_INT_OR_allele_counting_END,logistic_beta,logistic_SE
node_0,1.2647058823529411,0.45505971406536644,0.37278884278482294,2.156622921921059,2.1176470588235294,1.2146975739164179,-0.26316018605264935,4.498454303699708,1.6744186046511627,1.1824786737837973,-0.6432395959650803,3.9920768052674056,1.1748251748251748,0.06764069264069264,1.0422494172494172,1.3074009324009324,0.5776992773313719,0.23350109828141088
node_1,0.54,0.5660126945311124,-0.5693848812809801,1.6493848812809802,0.3,0.5845225972250061,-0.8456642905610119,1.445664290561012,0.5555555555555556,0.4782297603701632,-0.38177477476996424,1.4928858858810754,0.505874880914576,0.10392482034273079,0.30218223304282366,0.7095675287863283,0.14194732777920907,0.1546515614419024
node_2,1.9090909090909092,0.46746993328784103,0.9928498398467408,2.8253319783350777,2.184,0.6037732393391781,1.000604450895211,3.3673955491047893,1.144,0.6386173876682092,-0.10769007982969003,2.3956900798296896,1.7161904761904763,0.06440251572327044,1.5899615453728662,1.8424194070080864,0.6042589188815021,0.21834392375513811
