node_id,OR0,SE_OR0,CONF_INT_OR0_START,CONF_INT_OR0_END,OR1,SE_OR1,CONF_INT_OR1_START,CONF_INT_OR1_END,OR2,SE_OR2,CONF_INT_OR2_START,CONF_INT_OR2_END,OR_allele_counting,SE_OR_allele_counting,CONF_INT_OR_allele_counting_START,CONF_INT_OR_allele_counting_END,logistic_beta,logistic_SE
node_0,1.8000000000000003,0.6112373606964083,0.60197477303504,2.9980252269649608,1.265625,0.6692657668420421,-0.04613590301040249,2.5773859030104025,0.703125,0.7326701546777755,-0.7329085031684399,2.13915850316844,1.2532051282051282,0.10778985507246376,1.0419370122630993,1.464473244147157,1.1434387874285832,0.26586111334345075
node_1,0.7848837209302326,0.7143478501336203,-0.6152380653316631,2.1850055071921286,0.15503875968992248,0.6462973451886777,-1.1117040368798856,1.4217815562597307,0.19753086419753085,0.693888666488711,-1.1624909221203426,1.5575526505154043,0.28720836685438456,0.16055625790139066,-0.02748189863234113,0.6018986323411102,0.54264541765371,0.20823809897213258
node_2,0.8391608391608391,0.5917803331507078,-0.3207286138145481,1.9990502921362263,0.7692307692307692,0.9292263117570113,-1.052052801812973,2.5905143402745114,0.9166666666666667,0.8583370108776763,-0.765673874653579,2.5990072079869124,0.896,0.11523809523809524,0.6701333333333334,1.1218666666666666,1.2238843378006043,0.2742911756499875
