node_id,OR0,SE_OR0,CONF_INT_OR0_START,CONF_INT_OR0_END,OR1,SE_OR1,CONF_INT_OR1_START,CONF_INT_OR1_END,OR2,SE_OR2,CONF_INT_OR2_START,CONF_INT_OR2_END,OR_allele_counting,SE_OR_allele_counting,CONF_INT_OR_allele_counting_START,CONF_INT_OR_allele_counting_END,logistic_beta,logistic_SE
node_0,0.5633802816901409,0.2188545799033831,0.13442530507951,0.9923352583007717,0.7136150234741784,0.17963113063622801,0.36153800742717146,1.0656920395211853,1.2666666666666666,0.2743703826181941,0.7289007167350062,1.8044326165983269,0.683221702683348,0.002374131876503399,0.6785684042054013,0.6878750011612947,0.10157744868916932,0.0799233870337165
node_1,0.32235478489459585,0.14344290979823732,0.041206681690050706,0.603502888099141,0.9494991174380488,0.1315670866760471,0.6916276275529964,1.2073706073231012,2.945509612176279,0.10910341437524851,2.7316669200007917,3.159352304351766,1.2430493469111843,0.006484676273594479,1.230339381414939,1.2557593124074296,0.3309294563071593,0.02998902843888542
node_2,2.4403861003861,0.10280860640778088,2.2388812318268494,2.6418909689453507,1.0005148005148006,0.14437509249334404,0.7175396192278463,1.2834899818017549,0.4099821746880571,0.1417434715084001,0.13216497053159287,0.6877993788445214,1.2366399870644351,0.003436136230710397,1.2299051600522428,1.2433748140766274,0.49580389676807973,0.047126981382519174
