node_id,OR0,SE_OR0,CONF_INT_OR0_START,CONF_INT_OR0_END,OR1,SE_OR1,CONF_INT_OR1_START,CONF_INT_OR1_END,OR2,SE_OR2,CONF_INT_OR2_START,CONF_INT_OR2_END,OR_allele_counting,SE_OR_allele_counting,CONF_INT_OR_allele_counting_START,CONF_INT_OR_allele_counting_END,logistic_beta,logistic_SE
node_0,1.0694606779095006,0.22321520146666518,0.6319588830348368,1.5069624727841644,0.9415517596213213,0.18442770953090987,0.580073448940738,1.3030300703019047,0.8803986710963456,0.28118901130107243,0.32926820894624365,1.4315291332464475,0.9700934579439252,0.0023270986482050175,0.9655323445934434,0.974654571294407,-0.29200489195603196,0.0825995020861724
node_1,1.3562010508575395,0.13940219729961273,1.0829727441502985,1.6294293575647805,1.0742419038544633,0.12540686100667722,0.828444456281376,1.3200393514275506,0.7920963511827463,0.10751439203035007,0.5813681428032602,1.0028245595622325,0.9881714963565498,0.006619703719051072,0.9751968770672097,1.0011461156458898,-0.27078043392822854,0.029511585393081873
node_2,0.8727272727272729,0.10084912513309799,0.6750629874664009,1.070391557988145,1.2845577211394303,0.14573234469151886,0.9989223255440534,1.5701931167348073,1.4718890554722637,0.13975856284383825,1.1979622722983407,1.7458158386461866,1.0566864988558353,0.00348624900148351,1.0498534508129276,1.063519546898743,-0.3379368174745412,0.04536997467019554
