node_id,OR0,SE_OR0,CONF_INT_OR0_START,CONF_INT_OR0_END,OR1,SE_OR1,CONF_INT_OR1_START,CONF_INT_OR1_END,OR2,SE_OR2,CONF_INT_OR2_START,CONF_INT_OR2_END,OR_allele_counting,SE_OR_allele_counting,CONF_INT_OR_allele_counting_START,CONF_INT_OR_allele_counting_END,logistic_beta,logistic_SE
node_0,1.4229479209757199,0.043969763057027315,1.3367671853839462,1.5091286565674935,1.1721841941505913,0.16305561608058758,0.8525951866326396,1.491773201668543,0.823771676300578,0.16092127478155804,0.5083659777287243,1.1391773748724319,1.1739977285004408,0.0006332468493452463,1.172756564675724,1.1752388923251575,0.4289183183042521,0.02387215330076327
node_1,1.0140894189858407,0.05367042959573698,0.9088953769781962,1.1192834609934852,0.9673564855776097,0.05370432333613185,0.8620960118387913,1.072616959316428,0.9539163583276835,0.046162448964871296,0.8634379583565358,1.0443947582988313,0.9764488271549323,0.0009799234875926943,0.9745281771192507,0.978369477190614,0.20070505089430593,0.014657954884614542
node_2,0.6864904602369978,0.04676720689524332,0.5948267347223208,0.7781541857516747,0.4294829854773316,0.05608423231543935,0.3195578901390705,0.5394080808155928,0.625621199934899,0.053828606443592095,0.5201171313054584,0.7311252685643395,0.6255197014915111,0.0007421465329587218,0.624065094286912,0.6269743086961103,0.050441449532659,0.017850669642853683
