node_id,OR0,SE_OR0,CONF_INT_OR0_START,CONF_INT_OR0_END,OR1,SE_OR1,CONF_INT_OR1_START,CONF_INT_OR1_END,OR2,SE_OR2,CONF_INT_OR2_START,CONF_INT_OR2_END,OR_allele_counting,SE_OR_allele_counting,CONF_INT_OR_allele_counting_START,CONF_INT_OR_allele_counting_END,logistic_beta,logistic_SE
node_0,0.9179377836094255,0.09688416320932165,0.728044823719155,1.107830743499696,1.0385288641747747,0.0801148224261516,0.8815038122195176,1.195553916130032,1.1313717364276834,0.12200068363367615,0.8922503965056782,1.3704930763496888,1.008905230573267,0.0004487858435437978,1.0080256103199212,1.009784850826613,-0.15484212011490545,0.03580600251071238
node_1,0.7228761018402665,0.06119007694570478,0.6029435510266852,0.8428086526538479,0.8716083939481388,0.05433084141541065,0.765119944773934,0.9780968431223437,1.2057507389291693,0.04778432252818756,1.1120934667739217,1.2994080110844168,0.9636346863587658,0.0012766846542785278,0.9611323844363799,0.9661369882811517,-0.16127189293015753,0.012920223425627257
node_2,1.2464133166919986,0.04417940476145207,1.1598216833595525,1.3330049500244447,1.1959694983219755,0.06411852427844136,1.0702971907362304,1.3216418059077206,0.9595288194578169,0.0614984239704396,0.8389919084757552,1.0800657304398784,1.1225488728700537,0.0006678372559808957,1.1212399118483312,1.1238578338917762,-0.15331434210299472,0.019725247815777742
